/*
Navicat MySQL Data Transfer

Source Server         : localhost
Source Server Version : 80028
Source Host           : localhost:3306
Source Database       : tansci

Target Server Type    : MYSQL
Target Server Version : 80028
File Encoding         : 65001

Date: 2023-06-09 09:47:22
*/

SET FOREIGN_KEY_CHECKS=0;

-- ----------------------------
-- Table structure for log_error_info
-- ----------------------------
DROP TABLE IF EXISTS `log_error_info`;
CREATE TABLE `log_error_info` (
  `id` varchar(64) CHARACTER SET utf8 COLLATE utf8_general_ci NOT NULL COMMENT '主键id',
  `req_param` text CHARACTER SET utf8 COLLATE utf8_general_ci COMMENT '请求参数',
  `name` varchar(255) CHARACTER SET utf8 COLLATE utf8_general_ci DEFAULT NULL COMMENT '异常名称',
  `message` text CHARACTER SET utf8 COLLATE utf8_general_ci COMMENT '异常信息',
  `user_id` varchar(64) CHARACTER SET utf8 COLLATE utf8_general_ci DEFAULT NULL COMMENT '操作用户id',
  `user_name` varchar(255) CHARACTER SET utf8 COLLATE utf8_general_ci DEFAULT NULL COMMENT '操作用户名称',
  `method` varchar(255) CHARACTER SET utf8 COLLATE utf8_general_ci DEFAULT NULL COMMENT '请求方法',
  `uri` varchar(255) CHARACTER SET utf8 COLLATE utf8_general_ci DEFAULT NULL COMMENT '请求url',
  `ip` varchar(50) CHARACTER SET utf8 COLLATE utf8_general_ci DEFAULT NULL COMMENT '请求IP',
  `version` varchar(50) CHARACTER SET utf8 COLLATE utf8_general_ci DEFAULT NULL COMMENT '版本号',
  `create_time` datetime DEFAULT NULL COMMENT '创建时间',
  PRIMARY KEY (`id`) USING BTREE
) ENGINE=InnoDB DEFAULT CHARSET=utf8mb3 ROW_FORMAT=DYNAMIC COMMENT='异常日志';

-- ----------------------------
-- Records of log_error_info
-- ----------------------------

-- ----------------------------
-- Table structure for log_info
-- ----------------------------
DROP TABLE IF EXISTS `log_info`;
CREATE TABLE `log_info` (
  `id` varchar(64) CHARACTER SET utf8 COLLATE utf8_general_ci NOT NULL COMMENT '主键id',
  `module` varchar(255) CHARACTER SET utf8 COLLATE utf8_general_ci DEFAULT NULL COMMENT '功能模块',
  `type` varchar(255) CHARACTER SET utf8 COLLATE utf8_general_ci DEFAULT NULL COMMENT '操作类型',
  `message` varchar(255) CHARACTER SET utf8 COLLATE utf8_general_ci DEFAULT NULL COMMENT '操作描述',
  `req_param` text CHARACTER SET utf8 COLLATE utf8_general_ci COMMENT '请求参数',
  `res_param` text CHARACTER SET utf8 COLLATE utf8_general_ci COMMENT '响应参数',
  `take_up_time` int DEFAULT NULL COMMENT '耗时',
  `user_id` varchar(64) CHARACTER SET utf8 COLLATE utf8_general_ci DEFAULT NULL COMMENT '操作用户id',
  `user_name` varchar(255) CHARACTER SET utf8 COLLATE utf8_general_ci DEFAULT NULL COMMENT '操作用户名称',
  `method` varchar(255) CHARACTER SET utf8 COLLATE utf8_general_ci DEFAULT NULL COMMENT '操作方法',
  `uri` varchar(255) CHARACTER SET utf8 COLLATE utf8_general_ci DEFAULT NULL COMMENT '请求url',
  `ip` varchar(50) CHARACTER SET utf8 COLLATE utf8_general_ci DEFAULT NULL COMMENT '请求IP',
  `version` varchar(50) CHARACTER SET utf8 COLLATE utf8_general_ci DEFAULT NULL COMMENT '版本号',
  `create_time` datetime DEFAULT NULL COMMENT '创建时间',
  PRIMARY KEY (`id`) USING BTREE
) ENGINE=InnoDB DEFAULT CHARSET=utf8mb3 ROW_FORMAT=DYNAMIC COMMENT='操作日志';

-- ----------------------------
-- Records of log_info
-- ----------------------------
INSERT INTO `log_info` VALUES ('0e95d9ab-6aeb-4e4e-aabc-6824cf8e166f', '数据字典-根据分组名称获取列表', 'SELECT', '根据分组名称获取列表', '{\"groupName\":\"template_business_type\"}', '{\"code\":200,\"message\":\"操作成功\",\"result\":[{\"createTime\":\"2022-02-24 13:13:21\",\"dicLabel\":\"短信\",\"dicValue\":0,\"groupName\":\"template_business_type\",\"id\":51,\"parentId\":50,\"sort\":1,\"type\":1},{\"createTime\":\"2022-02-24 13:13:21\",\"dicLabel\":\"邮件\",\"dicValue\":1,\"groupName\":\"template_business_type\",\"id\":52,\"parentId\":50,\"sort\":2,\"type\":1}]}', '3', 'bc3ac26e69731b617eb80274453f6dba', 'admin', 'cdu.zch.tansci.controller.system.SysDicController.getGroupNameByList', '/tansci/dic/getGroupNameByList', '127.0.0.1', '1.0.0', '2023-06-09 09:46:06');
INSERT INTO `log_info` VALUES ('0fad22a6-f364-479d-b0ba-b23088c1a821', '组织-列表', 'SELECT', '列表', '{}', '{\"code\":200,\"message\":\"操作成功\",\"result\":[{\"createTime\":\"2021-10-23 15:08:20\",\"delFlag\":0,\"id\":2,\"name\":\"成都大公司\",\"parentId\":1,\"sort\":1,\"updateTime\":\"2023-06-09 09:45:31\"}]}', '2', 'bc3ac26e69731b617eb80274453f6dba', 'admin', 'cdu.zch.tansci.controller.system.SysOrgController.list', '/tansci/org/list', '127.0.0.1', '1.0.0', '2023-06-09 09:45:59');
INSERT INTO `log_info` VALUES ('10e41f08-5193-4668-b1d1-a2146e88fc4a', '角色-分页列表', 'SELECT', '分页列表', '{\"current\":\"1\",\"total\":\"0\",\"size\":\"10\"}', '{\"code\":200,\"message\":\"操作成功\",\"result\":{\"current\":1,\"optimizeCountSql\":true,\"orders\":[],\"pages\":1,\"records\":[{\"createTime\":\"2021-07-23 16:51:33\",\"creator\":\"bc3ac26e69731b617eb80274453f6dba\",\"id\":4,\"name\":\"演示用户\",\"status\":0,\"statusName\":\"未启用\",\"type\":1,\"typeName\":\"非平台角色\"},{\"createTime\":\"2021-07-23 16:51:01\",\"creator\":\"bc3ac26e69731b617eb80274453f6dba\",\"id\":2,\"name\":\"普通用户\",\"status\":1,\"statusName\":\"正常\",\"type\":0,\"typeName\":\"平台角色\",\"updateTime\":\"2021-07-28 15:44:58\"},{\"createTime\":\"2021-07-23 16:42:17\",\"creator\":\"bc3ac26e69731b617eb80274453f6dba\",\"id\":3,\"name\":\"管理员\",\"status\":1,\"statusName\":\"正常\",\"type\":0,\"typeName\":\"平台角色\",\"updateTime\":\"2021-07-23 17:06:56\"}],\"searchCount\":true,\"size\":10,\"total\":3}}', '11', 'bc3ac26e69731b617eb80274453f6dba', 'admin', 'cdu.zch.tansci.controller.system.SysRoleController.page', '/tansci/role/page', '127.0.0.1', '1.0.0', '2023-06-09 09:45:58');
INSERT INTO `log_info` VALUES ('1a09ca3d-24fa-416f-811d-227443dd3ad4', '调度执行日志-分页', 'SELECT', '分页', '{\"current\":\"1\",\"total\":\"0\",\"size\":\"10\"}', '{\"code\":200,\"fail\":false,\"message\":\"操作成功\",\"result\":{\"current\":1,\"optimizeCountSql\":true,\"orders\":[],\"pages\":0,\"records\":[],\"searchCount\":true,\"size\":10,\"total\":0},\"success\":true}', '2', 'bc3ac26e69731b617eb80274453f6dba', 'admin', 'com.tansci.controller.system.TaskLogController.page', '/tansci/taskLog/page', '127.0.0.1', '1.1.0', '2023-04-02 16:36:40');
INSERT INTO `log_info` VALUES ('2415893f-67d5-4245-b8a3-3f781f615996', '菜单-菜单列表', 'SELECT', '菜单列表', '{\"types\":\"1,2,3\",\"status\":\"1\"}', '{\"code\":200,\"message\":\"操作成功\",\"result\":[{\"chineseName\":\"工作台\",\"createTime\":\"2021-07-20 22:02:18\",\"englishName\":\"Home\",\"icon\":\"HomeFilled\",\"id\":1,\"name\":\"home\",\"parentId\":0,\"sort\":1,\"status\":1,\"type\":1,\"updateTime\":\"2021-07-28 15:43:30\",\"url\":\"/Home\"},{\"children\":[{\"chineseName\":\"用户列表\",\"createTime\":\"2021-07-20 22:09:46\",\"englishName\":\"UserList\",\"icon\":\"Avatar\",\"id\":3,\"name\":\"user\",\"parentId\":2,\"sort\":4,\"status\":1,\"type\":1,\"updateTime\":\"2021-12-17 17:37:24\",\"url\":\"/system/User\"},{\"chineseName\":\"字典管理\",\"createTime\":\"2021-07-22 17:09:46\",\"englishName\":\"Dic\",\"icon\":\"Notebook\",\"id\":5,\"name\":\"dicInfo\",\"parentId\":2,\"sort\":6,\"status\":1,\"type\":1,\"updateTime\":\"2021-12-17 17:38:14\",\"url\":\"/system/DicInfo\"},{\"chineseName\":\"菜单管理\",\"createTime\":\"2021-07-22 17:11:10\",\"englishName\":\"Menu\",\"icon\":\"Grid\",\"id\":6,\"name\":\"menu\",\"parentId\":2,\"sort\":1,\"status\":1,\"type\":1,\"updateTime\":\"2021-12-17 17:34:53\",\"url\":\"/system/Menu\"},{\"chineseName\":\"角色管理\",\"createTime\":\"2021-07-23 16:09:30\",\"englishName\":\"Role\",\"icon\":\"Help\",\"id\":7,\"name\":\"role\",\"parentId\":2,\"sort\":2,\"status\":1,\"type\":1,\"updateTime\":\"2021-12-17 17:36:32\",\"url\":\"/system/Role\"},{\"chineseName\":\"组织管理\",\"createTime\":\"2021-10-23 14:23:11\",\"englishName\":\"Org\",\"icon\":\"SetUp\",\"id\":8,\"name\":\"org\",\"parentId\":2,\"sort\":3,\"status\":1,\"type\":1,\"updateTime\":\"2021-12-17 17:37:10\",\"url\":\"/system/Org\"},{\"chineseName\":\"日志管理\",\"createTime\":\"2021-12-20 10:49:42\",\"englishName\":\"Log\",\"icon\":\"Document\",\"id\":9,\"name\":\"log\",\"parentId\":2,\"sort\":6,\"status\":1,\"type\":1,\"url\":\"/system/Log\"}],\"chineseName\":\"系统管理\",\"createTime\":\"2021-10-23 19:50:28\",\"englishName\":\"System\",\"icon\":\"Tools\",\"id\":2,\"name\":\"system\",\"parentId\":0,\"sort\":1,\"status\":1,\"type\":1,\"updateTime\":\"2021-12-17 17:33:08\",\"url\":\"/system\"},{\"children\":[{\"chineseName\":\"消息模板\",\"createTime\":\"2022-02-24 10:24:46\",\"englishName\":\"Template\",\"icon\":\"Postcard\",\"id\":11,\"name\":\"template\",\"parentId\":10,\"sort\":0,\"status\":1,\"type\":1,\"url\":\"/message/Template\"},{\"chineseName\":\"消息日志\",\"createTime\":\"2022-06-28 17:37:21\",\"englishName\":\"MessageLog\",\"icon\":\"Document\",\"id\":15,\"name\":\"messageLog\",\"parentId\":10,\"sort\":2,\"status\":1,\"type\":1,\"url\":\"/message/MessageLog\"}],\"chineseName\":\"消息管理\",\"createTime\":\"2022-02-24 10:17:44\",\"englishName\":\"Message\",\"icon\":\"Comment\",\"id\":10,\"name\":\"message\",\"parentId\":0,\"sort\":2,\"status\":1,\"type\":1,\"url\":\"/message\"},{\"children\":[{\"chineseName\":\"任务调度\",\"createTime\":\"2022-02-25 11:25:00\",\"englishName\":\"TaskConfig\",\"icon\":\"Odometer\",\"id\":13,\"name\":\"taskConfig\",\"parentId\":12,\"sort\":1,\"status\":1,\"type\":1,\"url\":\"/task/TaskConfig\"},{\"chineseName\":\"调度日志\",\"createTime\":\"2022-06-28 17:35:05\",\"englishName\":\"TaskLog\",\"icon\":\"Document\",\"id\":14,\"name\":\"taskLog\",\"parentId\":12,\"sort\":2,\"status\":1,\"type\":1,\"url\":\"/task/TaskLog\"}],\"chineseName\":\"任务管理\",\"createTime\":\"2022-02-25 11:24:07\",\"englishName\":\"Task Manage\",\"icon\":\"Clock\",\"id\":12,\"name\":\"task\",\"parentId\":0,\"sort\":0,\"status\":1,\"type\":1,\"url\":\"/task\"},{\"chineseName\":\"API文档\",\"createTime\":\"2022-06-29 15:21:23\",\"englishName\":\"API Docs\",\"icon\":\"Notebook\",\"id\":16,\"name\":\"api\",\"parentId\":0,\"sort\":5,\"status\":1,\"type\":2,\"updateTime\":\"2022-06-29 16:33:20\",\"url\":\"http://localhost:8005/tansci/doc.html\"},{\"chineseName\":\"必应链接\",\"createTime\":\"2022-06-29 17:17:44\",\"englishName\":\"biying\",\"icon\":\"Search\",\"id\":17,\"name\":\"biying\",\"parentId\":0,\"sort\":6,\"status\":1,\"type\":3,\"url\":\"https://cn.bing.com\"}]}', '31', 'bc3ac26e69731b617eb80274453f6dba', 'admin', 'cdu.zch.tansci.controller.system.SysMenuController.list', '/tansci/menu/list', '127.0.0.1', '1.0.0', '2023-06-09 09:43:14');
INSERT INTO `log_info` VALUES ('24e4d371-0378-4185-8640-08171e28b4e9', '角色-分页列表', 'SELECT', '分页列表', '{\"current\":\"1\",\"total\":\"0\",\"size\":\"10\"}', '{\"code\":200,\"message\":\"操作成功\",\"result\":{\"current\":1,\"optimizeCountSql\":true,\"orders\":[],\"pages\":1,\"records\":[{\"createTime\":\"2021-07-23 16:51:33\",\"creator\":\"bc3ac26e69731b617eb80274453f6dba\",\"id\":4,\"name\":\"演示用户\",\"status\":0,\"statusName\":\"未启用\",\"type\":1,\"typeName\":\"非平台角色\"},{\"createTime\":\"2021-07-23 16:51:01\",\"creator\":\"bc3ac26e69731b617eb80274453f6dba\",\"id\":2,\"name\":\"普通用户\",\"status\":1,\"statusName\":\"正常\",\"type\":0,\"typeName\":\"平台角色\",\"updateTime\":\"2021-07-28 15:44:58\"},{\"createTime\":\"2021-07-23 16:42:17\",\"creator\":\"bc3ac26e69731b617eb80274453f6dba\",\"id\":3,\"name\":\"管理员\",\"status\":1,\"statusName\":\"正常\",\"type\":0,\"typeName\":\"平台角色\",\"updateTime\":\"2021-07-23 17:06:56\"}],\"searchCount\":true,\"size\":10,\"total\":3}}', '68', 'bc3ac26e69731b617eb80274453f6dba', 'admin', 'cdu.zch.tansci.controller.system.SysRoleController.page', '/tansci/role/page', '127.0.0.1', '1.0.0', '2023-06-09 09:44:00');
INSERT INTO `log_info` VALUES ('28a8d7fe-a016-4ab2-bb0f-8c53dbb3d2d2', '组织-列表', 'SELECT', '列表', '{}', '{\"code\":200,\"message\":\"操作成功\",\"result\":[{\"createTime\":\"2021-10-23 15:08:20\",\"delFlag\":0,\"id\":2,\"name\":\"兰州子公司\",\"parentId\":1,\"sort\":2}]}', '7', 'bc3ac26e69731b617eb80274453f6dba', 'admin', 'cdu.zch.tansci.controller.system.SysOrgController.list', '/tansci/org/list', '127.0.0.1', '1.0.0', '2023-06-09 09:44:09');
INSERT INTO `log_info` VALUES ('2bde7d67-3607-4213-8135-ce9061f1860e', '数据字典-列表', 'SELECT', '列表', '{}', '{\"code\":200,\"fail\":false,\"message\":\"操作成功\",\"result\":[{\"children\":[{\"children\":[{\"children\":[],\"createTime\":\"2021-07-06T16:18:05\",\"dicLabel\":\"系统\",\"dicValue\":0,\"groupName\":\"sys_dic_type\",\"id\":9,\"parentId\":2,\"remarks\":\"\",\"sort\":1,\"type\":0,\"typeName\":\"系统类\"},{\"children\":[],\"createTime\":\"2021-07-06T16:18:19\",\"dicLabel\":\"业务\",\"dicValue\":1,\"groupName\":\"sys_dic_type\",\"id\":10,\"parentId\":2,\"remarks\":\"\",\"sort\":2,\"type\":0,\"typeName\":\"系统类\"}],\"createTime\":\"2021-07-06T12:44:36\",\"dicLabel\":\"系统数据字典类型\",\"dicValue\":-1,\"groupName\":\"sys_dic_type\",\"id\":2,\"parentId\":1,\"remarks\":\"系统数据字典类型\",\"sort\":0,\"type\":0,\"typeName\":\"系统类\",\"updateTime\":\"2021-07-06T17:08:04\"},{\"children\":[{\"children\":[],\"createTime\":\"2021-07-06T16:16:45\",\"dicLabel\":\"正常\",\"dicValue\":0,\"groupName\":\"del_type\",\"id\":7,\"parentId\":6,\"remarks\":\"\",\"sort\":1,\"type\":0,\"typeName\":\"系统类\"},{\"children\":[],\"createTime\":\"2021-07-06T16:17:08\",\"dicLabel\":\"已删除\",\"dicValue\":1,\"groupName\":\"del_type\",\"id\":8,\"parentId\":6,\"remarks\":\"\",\"sort\":2,\"type\":0,\"typeName\":\"系统类\"}],\"createTime\":\"2021-07-06T16:16:17\",\"dicLabel\":\"删除状态\",\"dicValue\":-1,\"groupName\":\"del_type\",\"id\":6,\"parentId\":1,\"remarks\":\"系统删除状态\",\"sort\":0,\"type\":0,\"typeName\":\"系统类\",\"updateTime\":\"2021-07-06T17:03:39\"},{\"children\":[{\"children\":[],\"createTime\":\"2021-07-08T15:59:39\",\"dicLabel\":\"超级管理员\",\"dicValue\":0,\"groupName\":\"user_type\",\"id\":13,\"parentId\":12,\"remarks\":\"\",\"sort\":1,\"type\":0,\"typeName\":\"系统类\"},{\"children\":[],\"createTime\":\"2021-07-08T15:59:56\",\"dicLabel\":\"管理员\",\"dicValue\":1,\"groupName\":\"user_type\",\"id\":14,\"parentId\":12,\"remarks\":\"\",\"sort\":2,\"type\":0,\"typeName\":\"系统类\"},{\"children\":[],\"createTime\":\"2021-07-08T16:00:29\",\"dicLabel\":\"普通用户\",\"dicValue\":2,\"groupName\":\"user_type\",\"id\":15,\"parentId\":12,\"remarks\":\"\",\"sort\":3,\"type\":0,\"typeName\":\"系统类\"}],\"createTime\":\"2021-07-08T15:59:08\",\"dicLabel\":\"用户类型\",\"dicValue\":-1,\"groupName\":\"user_type\",\"id\":12,\"parentId\":1,\"remarks\":\"\",\"sort\":0,\"type\":0,\"typeName\":\"系统类\"},{\"children\":[{\"children\":[],\"createTime\":\"2021-07-20T22:39:59\",\"dicLabel\":\"未上架\",\"dicValue\":0,\"groupName\":\"menu_status\",\"id\":36,\"parentId\":35,\"remarks\":\"\",\"sort\":1,\"type\":0,\"typeName\":\"系统类\"},{\"children\":[],\"createTime\":\"2021-07-20T22:40:16\",\"dicLabel\":\"正常\",\"dicValue\":1,\"groupName\":\"menu_status\",\"id\":37,\"parentId\":35,\"remarks\":\"\",\"sort\":2,\"type\":0,\"typeName\":\"系统类\"},{\"children\":[],\"createTime\":\"2021-07-20T22:40:33\",\"dicLabel\":\"已下架\",\"dicValue\":2,\"groupName\":\"menu_status\",\"id\":38,\"parentId\":35,\"remarks\":\"\",\"sort\":3,\"type\":0,\"typeName\":\"系统类\"}],\"createTime\":\"2021-07-20T22:39:37\",\"dicLabel\":\"菜单状态\",\"dicValue\":-1,\"groupName\":\"menu_status\",\"id\":35,\"parentId\":1,\"remarks\":\"\",\"sort\":0,\"type\":0,\"typeName\":\"系统类\"},{\"children\":[{\"children\":[],\"createTime\":\"2021-07-23T17:01:52\",\"dicLabel\":\"未启用\",\"dicValue\":0,\"groupName\":\"role_status\",\"id\":40,\"parentId\":39,\"remarks\":\"\",\"sort\":1,\"type\":0,\"typeName\":\"系统类\",\"updateTime\":\"2021-07-23T17:03:35\"},{\"children\":[],\"createTime\":\"2021-07-23T17:02:11\",\"dicLabel\":\"正常\",\"dicValue\":1,\"groupName\":\"role_status\",\"id\":41,\"parentId\":39,\"remarks\":\"\",\"sort\":2,\"type\":0,\"typeName\":\"系统类\",\"updateTime\":\"2021-07-23T17:03:41\"},{\"children\":[],\"createTime\":\"2021-07-23T17:03:00\",\"dicLabel\":\"已禁用\",\"dicValue\":2,\"groupName\":\"role_status\",\"id\":43,\"parentId\":39,\"remarks\":\"\",\"sort\":3,\"type\":0,\"typeName\":\"系统类\",\"updateTime\":\"2021-07-23T17:03:46\"}],\"createTime\":\"2021-07-23T17:01:04\",\"dicLabel\":\"角色状态\",\"dicValue\":-1,\"groupName\":\"role_status\",\"id\":39,\"parentId\":1,\"remarks\":\"\",\"sort\":0,\"type\":0,\"typeName\":\"系统类\",\"updateTime\":\"2021-07-23T17:03:27\"},{\"children\":[{\"children\":[],\"createTime\":\"2022-02-24T13:10:10\",\"dicLabel\":\"验证码\",\"dicValue\":0,\"groupName\":\"template_type\",\"id\":46,\"parentId\":44,\"sort\":1,\"type\":1,\"typeName\":\"业务类\"},{\"children\":[],\"createTime\":\"2022-02-24T13:11:09\",\"dicLabel\":\"短信通知\",\"dicValue\":1,\"groupName\":\"template_type\",\"id\":47,\"parentId\":44,\"sort\":2,\"type\":1,\"typeName\":\"业务类\"},{\"children\":[],\"createTime\":\"2022-02-24T13:11:09\",\"dicLabel\":\"推广短信\",\"dicValue\":2,\"groupName\":\"template_type\",\"id\":48,\"parentId\":44,\"sort\":3,\"type\":1,\"typeName\":\"业务类\"},{\"children\":[],\"createTime\":\"2022-02-24T13:11:09\",\"dicLabel\":\"国际/港澳台消息\",\"dicValue\":3,\"groupName\":\"template_type\",\"id\":49,\"parentId\":44,\"sort\":4,\"type\":1,\"typeName\":\"业务类\"}],\"createTime\":\"2022-02-24T13:08:12\",\"dicLabel\":\"模板类型\",\"dicValue\":-1,\"groupName\":\"template_type\",\"id\":44,\"parentId\":1,\"sort\":0,\"type\":1,\"typeName\":\"业务类\"},{\"children\":[{\"children\":[],\"createTime\":\"2022-02-24T13:13:21\",\"dicLabel\":\"短信\",\"dicValue\":0,\"groupName\":\"template_business_type\",\"id\":51,\"parentId\":50,\"sort\":1,\"type\":1,\"typeName\":\"业务类\"},{\"children\":[],\"createTime\":\"2022-02-24T13:13:21\",\"dicLabel\":\"邮件\",\"dicValue\":1,\"groupName\":\"template_business_type\",\"id\":52,\"parentId\":50,\"sort\":2,\"type\":1,\"typeName\":\"业务类\"}],\"createTime\":\"2022-02-24T13:13:21\",\"dicLabel\":\"模板业务类型\",\"dicValue\":-1,\"groupName\":\"template_business_type\",\"id\":50,\"parentId\":1,\"sort\":0,\"type\":1,\"typeName\":\"业务类\"},{\"children\":[{\"children\":[],\"createTime\":\"2022-02-24T14:02:16\",\"dicLabel\":\"审核中\",\"dicValue\":0,\"groupName\":\"template_state\",\"id\":55,\"parentId\":54,\"sort\":1,\"type\":1,\"typeName\":\"业务类\"},{\"children\":[],\"createTime\":\"2022-02-24T14:02:38\",\"dicLabel\":\"通过\",\"dicValue\":1,\"groupName\":\"template_state\",\"id\":56,\"parentId\":54,\"sort\":2,\"type\":1,\"typeName\":\"业务类\"},{\"children\":[],\"createTime\":\"2022-02-24T14:02:54\",\"dicLabel\":\"未通过\",\"dicValue\":2,\"groupName\":\"template_state\",\"id\":57,\"parentId\":54,\"sort\":3,\"type\":1,\"typeName\":\"业务类\"}],\"createTime\":\"2022-02-24T14:01:44\",\"dicLabel\":\"模板状态\",\"dicValue\":-1,\"groupName\":\"template_state\",\"id\":54,\"parentId\":1,\"sort\":0,\"type\":1,\"typeName\":\"业务类\"}],\"createTime\":\"2021-07-06T11:38:58\",\"dicLabel\":\"数据字典\",\"dicValue\":0,\"groupName\":\"sys_dic\",\"id\":1,\"parentId\":0,\"sort\":0,\"type\":0,\"typeName\":\"系统类\",\"updateTime\":\"2021-07-06T14:40:33\"}],\"success\":true}', '8', 'bc3ac26e69731b617eb80274453f6dba', 'admin', 'com.tansci.controller.system.SysDicController.dicList', '/tansci/dic/dicList', '127.0.0.1', '1.1.0', '2023-04-02 16:32:10');
INSERT INTO `log_info` VALUES ('3084b4a6-1b33-4001-a9a3-1be4be6e27ca', '角色-分页列表', 'SELECT', '分页列表', '{\"current\":\"1\",\"total\":\"0\",\"size\":\"10\"}', '{\"code\":200,\"message\":\"操作成功\",\"result\":{\"current\":1,\"optimizeCountSql\":true,\"orders\":[],\"pages\":1,\"records\":[{\"createTime\":\"2021-07-23 16:51:33\",\"creator\":\"bc3ac26e69731b617eb80274453f6dba\",\"id\":4,\"name\":\"演示用户\",\"status\":0,\"statusName\":\"未启用\",\"type\":1,\"typeName\":\"非平台角色\"},{\"createTime\":\"2021-07-23 16:51:01\",\"creator\":\"bc3ac26e69731b617eb80274453f6dba\",\"id\":2,\"name\":\"普通用户\",\"status\":1,\"statusName\":\"正常\",\"type\":0,\"typeName\":\"平台角色\",\"updateTime\":\"2021-07-28 15:44:58\"},{\"createTime\":\"2021-07-23 16:42:17\",\"creator\":\"bc3ac26e69731b617eb80274453f6dba\",\"id\":3,\"name\":\"管理员\",\"status\":1,\"statusName\":\"正常\",\"type\":0,\"typeName\":\"平台角色\",\"updateTime\":\"2021-07-23 17:06:56\"}],\"searchCount\":true,\"size\":10,\"total\":3}}', '12', 'bc3ac26e69731b617eb80274453f6dba', 'admin', 'cdu.zch.tansci.controller.system.SysRoleController.page', '/tansci/role/page', '127.0.0.1', '1.0.0', '2023-06-09 09:45:34');
INSERT INTO `log_info` VALUES ('3efe5c5b-ed31-4eb0-b5a2-154efd095507', '用户-用户分页', 'SELECT', '用户分页', '{\"current\":\"1\",\"total\":\"1\",\"size\":\"10\"}', '{\"code\":200,\"fail\":false,\"message\":\"操作成功\",\"result\":{\"current\":1,\"optimizeCountSql\":true,\"orders\":[],\"pages\":1,\"records\":[{\"address\":\"甘肃兰州\",\"birthday\":\"2021-07-09\",\"createTime\":\"2021-07-08T12:07:20\",\"delFlag\":0,\"delFlagName\":\"正常\",\"email\":\"\",\"gender\":0,\"genderName\":\"男\",\"id\":\"bc3ac26e69731b617eb80274453f6dba\",\"nickname\":\"管理员\",\"orgId\":2,\"password\":\"$2a$10$tlWWfjTObqLsC6ONrhNL/.GIpAoFu205TXPK6xUPHHr1kA/paK4lq\",\"phone\":\"18893817562\",\"remember\":0,\"type\":1,\"typeName\":\"管理员\",\"updateTime\":\"2021-12-16T11:45:48\",\"username\":\"admin\"}],\"searchCount\":true,\"size\":10,\"total\":1},\"success\":true}', '8', 'bc3ac26e69731b617eb80274453f6dba', 'admin', 'com.tansci.controller.system.SysUserController.page', '/tansci/user/page', '127.0.0.1', '1.1.0', '2023-04-02 16:38:16');
INSERT INTO `log_info` VALUES ('4dce9d1a-4ca5-43f3-acab-d0ea310a66ba', '菜单-菜单列表', 'SELECT', '菜单列表', '{}', '{\"code\":200,\"fail\":false,\"message\":\"操作成功\",\"result\":[{\"chineseName\":\"工作台\",\"createTime\":\"2021-07-20T22:02:18\",\"englishName\":\"Home\",\"icon\":\"HomeFilled\",\"id\":1,\"name\":\"home\",\"parentId\":0,\"sort\":1,\"status\":1,\"type\":1,\"updateTime\":\"2021-07-28T15:43:30\",\"url\":\"/Home\"},{\"children\":[{\"chineseName\":\"用户列表\",\"createTime\":\"2021-07-20T22:09:46\",\"englishName\":\"UserList\",\"icon\":\"Avatar\",\"id\":3,\"name\":\"user\",\"parentId\":2,\"sort\":4,\"status\":1,\"type\":1,\"updateTime\":\"2021-12-17T17:37:24\",\"url\":\"/system/User\"},{\"chineseName\":\"字典管理\",\"createTime\":\"2021-07-22T17:09:46\",\"englishName\":\"Dic\",\"icon\":\"Notebook\",\"id\":5,\"name\":\"dicInfo\",\"parentId\":2,\"sort\":6,\"status\":1,\"type\":1,\"updateTime\":\"2021-12-17T17:38:14\",\"url\":\"/system/DicInfo\"},{\"chineseName\":\"菜单管理\",\"createTime\":\"2021-07-22T17:11:10\",\"englishName\":\"Menu\",\"icon\":\"Grid\",\"id\":6,\"name\":\"menu\",\"parentId\":2,\"sort\":1,\"status\":1,\"type\":1,\"updateTime\":\"2021-12-17T17:34:53\",\"url\":\"/system/Menu\"},{\"chineseName\":\"角色管理\",\"createTime\":\"2021-07-23T16:09:30\",\"englishName\":\"Role\",\"icon\":\"Help\",\"id\":7,\"name\":\"role\",\"parentId\":2,\"sort\":2,\"status\":1,\"type\":1,\"updateTime\":\"2021-12-17T17:36:32\",\"url\":\"/system/Role\"},{\"chineseName\":\"组织管理\",\"createTime\":\"2021-10-23T14:23:11\",\"englishName\":\"Org\",\"icon\":\"SetUp\",\"id\":8,\"name\":\"org\",\"parentId\":2,\"sort\":3,\"status\":1,\"type\":1,\"updateTime\":\"2021-12-17T17:37:10\",\"url\":\"/system/Org\"},{\"chineseName\":\"日志管理\",\"createTime\":\"2021-12-20T10:49:42\",\"englishName\":\"Log\",\"icon\":\"Document\",\"id\":9,\"name\":\"log\",\"parentId\":2,\"sort\":6,\"status\":1,\"type\":1,\"url\":\"/system/Log\"}],\"chineseName\":\"系统管理\",\"createTime\":\"2021-10-23T19:50:28\",\"englishName\":\"System\",\"icon\":\"Tools\",\"id\":2,\"name\":\"system\",\"parentId\":0,\"sort\":1,\"status\":1,\"type\":1,\"updateTime\":\"2021-12-17T17:33:08\",\"url\":\"/system\"},{\"children\":[{\"chineseName\":\"消息模板\",\"createTime\":\"2022-02-24T10:24:46\",\"englishName\":\"Template\",\"icon\":\"Postcard\",\"id\":11,\"name\":\"template\",\"parentId\":10,\"sort\":0,\"status\":1,\"type\":1,\"url\":\"/message/Template\"},{\"chineseName\":\"消息日志\",\"createTime\":\"2022-06-28T17:37:21\",\"englishName\":\"MessageLog\",\"icon\":\"Document\",\"id\":15,\"name\":\"messageLog\",\"parentId\":10,\"sort\":2,\"status\":1,\"type\":1,\"url\":\"/message/MessageLog\"}],\"chineseName\":\"消息管理\",\"createTime\":\"2022-02-24T10:17:44\",\"englishName\":\"Message\",\"icon\":\"Comment\",\"id\":10,\"name\":\"message\",\"parentId\":0,\"sort\":2,\"status\":1,\"type\":1,\"url\":\"/message\"},{\"children\":[{\"chineseName\":\"任务调度\",\"createTime\":\"2022-02-25T11:25:00\",\"englishName\":\"TaskConfig\",\"icon\":\"Odometer\",\"id\":13,\"name\":\"taskConfig\",\"parentId\":12,\"sort\":1,\"status\":1,\"type\":1,\"url\":\"/task/TaskConfig\"},{\"chineseName\":\"调度日志\",\"createTime\":\"2022-06-28T17:35:05\",\"englishName\":\"TaskLog\",\"icon\":\"Document\",\"id\":14,\"name\":\"taskLog\",\"parentId\":12,\"sort\":2,\"status\":1,\"type\":1,\"url\":\"/task/TaskLog\"}],\"chineseName\":\"任务管理\",\"createTime\":\"2022-02-25T11:24:07\",\"englishName\":\"Task Manage\",\"icon\":\"Clock\",\"id\":12,\"name\":\"task\",\"parentId\":0,\"sort\":0,\"status\":1,\"type\":1,\"url\":\"/task\"},{\"chineseName\":\"API文档\",\"createTime\":\"2022-06-29T15:21:23\",\"englishName\":\"API Docs\",\"icon\":\"Notebook\",\"id\":16,\"name\":\"api\",\"parentId\":0,\"sort\":5,\"status\":1,\"type\":2,\"updateTime\":\"2022-06-29T16:33:20\",\"url\":\"http://localhost:8005/tansci/doc.html\"},{\"chineseName\":\"必应链接\",\"createTime\":\"2022-06-29T17:17:44\",\"englishName\":\"biying\",\"icon\":\"Search\",\"id\":17,\"name\":\"biying\",\"parentId\":0,\"sort\":6,\"status\":1,\"type\":3,\"url\":\"https://cn.bing.com\"}],\"success\":true}', '11', 'bc3ac26e69731b617eb80274453f6dba', 'admin', 'com.tansci.controller.system.SysMenuController.list', '/tansci/menu/list', '127.0.0.1', '1.1.0', '2023-04-02 16:31:37');
INSERT INTO `log_info` VALUES ('5294f6e4-82cb-4835-bee3-e178818c74b5', '用户-用户分页', 'SELECT', '用户分页', '{\"current\":\"1\",\"total\":\"1\",\"size\":\"10\"}', '{\"code\":200,\"message\":\"操作成功\",\"result\":{\"current\":1,\"optimizeCountSql\":true,\"orders\":[],\"pages\":1,\"records\":[{\"address\":\"四川成都\",\"birthday\":1625760000000,\"createTime\":\"2021-07-08 12:07:20\",\"delFlag\":0,\"email\":\"admin123@qq.com\",\"gender\":0,\"genderName\":\"男\",\"id\":\"bc3ac26e69731b617eb80274453f6dba\",\"nickname\":\"管理员\",\"orgId\":2,\"password\":\"$2a$10$tlWWfjTObqLsC6ONrhNL/.GIpAoFu205TXPK6xUPHHr1kA/paK4lq\",\"phone\":\"18012345678\",\"remember\":0,\"type\":1,\"typeName\":\"管理员\",\"updateTime\":\"2023-06-09 09:45:13\",\"username\":\"admin\"}],\"searchCount\":true,\"size\":10,\"total\":1}}', '6', 'bc3ac26e69731b617eb80274453f6dba', 'admin', 'cdu.zch.tansci.controller.system.SysUserController.page', '/tansci/user/page', '127.0.0.1', '1.0.0', '2023-06-09 09:45:13');
INSERT INTO `log_info` VALUES ('56dd694c-864f-439b-8cfa-48e4a2dd82f2', '数据字典-根据分组名称获取列表', 'SELECT', '根据分组名称获取列表', '{\"groupName\":\"user_type\"}', '{\"code\":200,\"message\":\"操作成功\",\"result\":[{\"createTime\":\"2021-07-08 15:59:39\",\"dicLabel\":\"超级管理员\",\"dicValue\":0,\"groupName\":\"user_type\",\"id\":13,\"parentId\":12,\"remarks\":\"\",\"sort\":1,\"type\":0},{\"createTime\":\"2021-07-08 15:59:56\",\"dicLabel\":\"管理员\",\"dicValue\":1,\"groupName\":\"user_type\",\"id\":14,\"parentId\":12,\"remarks\":\"\",\"sort\":2,\"type\":0},{\"createTime\":\"2021-07-08 16:00:29\",\"dicLabel\":\"普通用户\",\"dicValue\":2,\"groupName\":\"user_type\",\"id\":15,\"parentId\":12,\"remarks\":\"\",\"sort\":3,\"type\":0}]}', '7', 'bc3ac26e69731b617eb80274453f6dba', 'admin', 'cdu.zch.tansci.controller.system.SysDicController.getGroupNameByList', '/tansci/dic/getGroupNameByList', '127.0.0.1', '1.0.0', '2023-06-09 09:44:13');
INSERT INTO `log_info` VALUES ('575626de-6ea9-4460-be1c-385f1c1899ea', '组织-列表', 'SELECT', '列表', '{}', '{\"code\":200,\"fail\":false,\"message\":\"操作成功\",\"result\":[{\"createTime\":\"2021-10-23T15:08:20\",\"delFlag\":0,\"id\":2,\"name\":\"兰州子公司\",\"parentId\":1,\"sort\":2}],\"success\":true}', '3', 'bc3ac26e69731b617eb80274453f6dba', 'admin', 'com.tansci.controller.system.SysOrgController.list', '/tansci/org/list', '127.0.0.1', '1.1.0', '2023-04-02 16:32:12');
INSERT INTO `log_info` VALUES ('5f862563-8f88-4aa2-8e0c-04a9d54a2249', '用户-用户分页', 'SELECT', '用户分页', '{\"current\":\"1\",\"total\":\"1\",\"size\":\"10\"}', '{\"code\":200,\"message\":\"操作成功\",\"result\":{\"current\":1,\"optimizeCountSql\":true,\"orders\":[],\"pages\":1,\"records\":[{\"address\":\"甘肃兰州\",\"birthday\":1625760000000,\"createTime\":\"2021-07-08 12:07:20\",\"delFlag\":0,\"email\":\"\",\"gender\":0,\"genderName\":\"男\",\"id\":\"bc3ac26e69731b617eb80274453f6dba\",\"nickname\":\"管理员\",\"orgId\":2,\"password\":\"$2a$10$tlWWfjTObqLsC6ONrhNL/.GIpAoFu205TXPK6xUPHHr1kA/paK4lq\",\"phone\":\"18893817562\",\"remember\":0,\"type\":1,\"typeName\":\"管理员\",\"updateTime\":\"2021-12-16 11:45:48\",\"username\":\"admin\"}],\"searchCount\":true,\"size\":10,\"total\":1}}', '21', 'bc3ac26e69731b617eb80274453f6dba', 'admin', 'cdu.zch.tansci.controller.system.SysUserController.page', '/tansci/user/page', '127.0.0.1', '1.0.0', '2023-06-09 09:44:08');
INSERT INTO `log_info` VALUES ('6356378d-d1f4-4928-9133-3b96de3d9950', '数据字典-列表', 'SELECT', '列表', '{}', '{\"code\":200,\"fail\":false,\"message\":\"操作成功\",\"result\":[{\"children\":[{\"children\":[{\"children\":[],\"createTime\":\"2021-07-06T16:18:05\",\"dicLabel\":\"系统\",\"dicValue\":0,\"groupName\":\"sys_dic_type\",\"id\":9,\"parentId\":2,\"remarks\":\"\",\"sort\":1,\"type\":0,\"typeName\":\"系统类\"},{\"children\":[],\"createTime\":\"2021-07-06T16:18:19\",\"dicLabel\":\"业务\",\"dicValue\":1,\"groupName\":\"sys_dic_type\",\"id\":10,\"parentId\":2,\"remarks\":\"\",\"sort\":2,\"type\":0,\"typeName\":\"系统类\"}],\"createTime\":\"2021-07-06T12:44:36\",\"dicLabel\":\"系统数据字典类型\",\"dicValue\":-1,\"groupName\":\"sys_dic_type\",\"id\":2,\"parentId\":1,\"remarks\":\"系统数据字典类型\",\"sort\":0,\"type\":0,\"typeName\":\"系统类\",\"updateTime\":\"2021-07-06T17:08:04\"},{\"children\":[{\"children\":[],\"createTime\":\"2021-07-06T16:16:45\",\"dicLabel\":\"正常\",\"dicValue\":0,\"groupName\":\"del_type\",\"id\":7,\"parentId\":6,\"remarks\":\"\",\"sort\":1,\"type\":0,\"typeName\":\"系统类\"},{\"children\":[],\"createTime\":\"2021-07-06T16:17:08\",\"dicLabel\":\"已删除\",\"dicValue\":1,\"groupName\":\"del_type\",\"id\":8,\"parentId\":6,\"remarks\":\"\",\"sort\":2,\"type\":0,\"typeName\":\"系统类\"}],\"createTime\":\"2021-07-06T16:16:17\",\"dicLabel\":\"删除状态\",\"dicValue\":-1,\"groupName\":\"del_type\",\"id\":6,\"parentId\":1,\"remarks\":\"系统删除状态\",\"sort\":0,\"type\":0,\"typeName\":\"系统类\",\"updateTime\":\"2021-07-06T17:03:39\"},{\"children\":[{\"children\":[],\"createTime\":\"2021-07-08T15:59:39\",\"dicLabel\":\"超级管理员\",\"dicValue\":0,\"groupName\":\"user_type\",\"id\":13,\"parentId\":12,\"remarks\":\"\",\"sort\":1,\"type\":0,\"typeName\":\"系统类\"},{\"children\":[],\"createTime\":\"2021-07-08T15:59:56\",\"dicLabel\":\"管理员\",\"dicValue\":1,\"groupName\":\"user_type\",\"id\":14,\"parentId\":12,\"remarks\":\"\",\"sort\":2,\"type\":0,\"typeName\":\"系统类\"},{\"children\":[],\"createTime\":\"2021-07-08T16:00:29\",\"dicLabel\":\"普通用户\",\"dicValue\":2,\"groupName\":\"user_type\",\"id\":15,\"parentId\":12,\"remarks\":\"\",\"sort\":3,\"type\":0,\"typeName\":\"系统类\"}],\"createTime\":\"2021-07-08T15:59:08\",\"dicLabel\":\"用户类型\",\"dicValue\":-1,\"groupName\":\"user_type\",\"id\":12,\"parentId\":1,\"remarks\":\"\",\"sort\":0,\"type\":0,\"typeName\":\"系统类\"},{\"children\":[{\"children\":[],\"createTime\":\"2021-07-20T22:39:59\",\"dicLabel\":\"未上架\",\"dicValue\":0,\"groupName\":\"menu_status\",\"id\":36,\"parentId\":35,\"remarks\":\"\",\"sort\":1,\"type\":0,\"typeName\":\"系统类\"},{\"children\":[],\"createTime\":\"2021-07-20T22:40:16\",\"dicLabel\":\"正常\",\"dicValue\":1,\"groupName\":\"menu_status\",\"id\":37,\"parentId\":35,\"remarks\":\"\",\"sort\":2,\"type\":0,\"typeName\":\"系统类\"},{\"children\":[],\"createTime\":\"2021-07-20T22:40:33\",\"dicLabel\":\"已下架\",\"dicValue\":2,\"groupName\":\"menu_status\",\"id\":38,\"parentId\":35,\"remarks\":\"\",\"sort\":3,\"type\":0,\"typeName\":\"系统类\"}],\"createTime\":\"2021-07-20T22:39:37\",\"dicLabel\":\"菜单状态\",\"dicValue\":-1,\"groupName\":\"menu_status\",\"id\":35,\"parentId\":1,\"remarks\":\"\",\"sort\":0,\"type\":0,\"typeName\":\"系统类\"},{\"children\":[{\"children\":[],\"createTime\":\"2021-07-23T17:01:52\",\"dicLabel\":\"未启用\",\"dicValue\":0,\"groupName\":\"role_status\",\"id\":40,\"parentId\":39,\"remarks\":\"\",\"sort\":1,\"type\":0,\"typeName\":\"系统类\",\"updateTime\":\"2021-07-23T17:03:35\"},{\"children\":[],\"createTime\":\"2021-07-23T17:02:11\",\"dicLabel\":\"正常\",\"dicValue\":1,\"groupName\":\"role_status\",\"id\":41,\"parentId\":39,\"remarks\":\"\",\"sort\":2,\"type\":0,\"typeName\":\"系统类\",\"updateTime\":\"2021-07-23T17:03:41\"},{\"children\":[],\"createTime\":\"2021-07-23T17:03:00\",\"dicLabel\":\"已禁用\",\"dicValue\":2,\"groupName\":\"role_status\",\"id\":43,\"parentId\":39,\"remarks\":\"\",\"sort\":3,\"type\":0,\"typeName\":\"系统类\",\"updateTime\":\"2021-07-23T17:03:46\"}],\"createTime\":\"2021-07-23T17:01:04\",\"dicLabel\":\"角色状态\",\"dicValue\":-1,\"groupName\":\"role_status\",\"id\":39,\"parentId\":1,\"remarks\":\"\",\"sort\":0,\"type\":0,\"typeName\":\"系统类\",\"updateTime\":\"2021-07-23T17:03:27\"},{\"children\":[{\"children\":[],\"createTime\":\"2022-02-24T13:10:10\",\"dicLabel\":\"验证码\",\"dicValue\":0,\"groupName\":\"template_type\",\"id\":46,\"parentId\":44,\"sort\":1,\"type\":1,\"typeName\":\"业务类\"},{\"children\":[],\"createTime\":\"2022-02-24T13:11:09\",\"dicLabel\":\"短信通知\",\"dicValue\":1,\"groupName\":\"template_type\",\"id\":47,\"parentId\":44,\"sort\":2,\"type\":1,\"typeName\":\"业务类\"},{\"children\":[],\"createTime\":\"2022-02-24T13:11:09\",\"dicLabel\":\"推广短信\",\"dicValue\":2,\"groupName\":\"template_type\",\"id\":48,\"parentId\":44,\"sort\":3,\"type\":1,\"typeName\":\"业务类\"},{\"children\":[],\"createTime\":\"2022-02-24T13:11:09\",\"dicLabel\":\"国际/港澳台消息\",\"dicValue\":3,\"groupName\":\"template_type\",\"id\":49,\"parentId\":44,\"sort\":4,\"type\":1,\"typeName\":\"业务类\"}],\"createTime\":\"2022-02-24T13:08:12\",\"dicLabel\":\"模板类型\",\"dicValue\":-1,\"groupName\":\"template_type\",\"id\":44,\"parentId\":1,\"sort\":0,\"type\":1,\"typeName\":\"业务类\"},{\"children\":[{\"children\":[],\"createTime\":\"2022-02-24T13:13:21\",\"dicLabel\":\"短信\",\"dicValue\":0,\"groupName\":\"template_business_type\",\"id\":51,\"parentId\":50,\"sort\":1,\"type\":1,\"typeName\":\"业务类\"},{\"children\":[],\"createTime\":\"2022-02-24T13:13:21\",\"dicLabel\":\"邮件\",\"dicValue\":1,\"groupName\":\"template_business_type\",\"id\":52,\"parentId\":50,\"sort\":2,\"type\":1,\"typeName\":\"业务类\"}],\"createTime\":\"2022-02-24T13:13:21\",\"dicLabel\":\"模板业务类型\",\"dicValue\":-1,\"groupName\":\"template_business_type\",\"id\":50,\"parentId\":1,\"sort\":0,\"type\":1,\"typeName\":\"业务类\"},{\"children\":[{\"children\":[],\"createTime\":\"2022-02-24T14:02:16\",\"dicLabel\":\"审核中\",\"dicValue\":0,\"groupName\":\"template_state\",\"id\":55,\"parentId\":54,\"sort\":1,\"type\":1,\"typeName\":\"业务类\"},{\"children\":[],\"createTime\":\"2022-02-24T14:02:38\",\"dicLabel\":\"通过\",\"dicValue\":1,\"groupName\":\"template_state\",\"id\":56,\"parentId\":54,\"sort\":2,\"type\":1,\"typeName\":\"业务类\"},{\"children\":[],\"createTime\":\"2022-02-24T14:02:54\",\"dicLabel\":\"未通过\",\"dicValue\":2,\"groupName\":\"template_state\",\"id\":57,\"parentId\":54,\"sort\":3,\"type\":1,\"typeName\":\"业务类\"}],\"createTime\":\"2022-02-24T14:01:44\",\"dicLabel\":\"模板状态\",\"dicValue\":-1,\"groupName\":\"template_state\",\"id\":54,\"parentId\":1,\"sort\":0,\"type\":1,\"typeName\":\"业务类\"}],\"createTime\":\"2021-07-06T11:38:58\",\"dicLabel\":\"数据字典\",\"dicValue\":0,\"groupName\":\"sys_dic\",\"id\":1,\"parentId\":0,\"sort\":0,\"type\":0,\"typeName\":\"系统类\",\"updateTime\":\"2021-07-06T14:40:33\"}],\"success\":true}', '5', 'bc3ac26e69731b617eb80274453f6dba', 'admin', 'com.tansci.controller.system.SysDicController.dicList', '/tansci/dic/dicList', '127.0.0.1', '1.1.0', '2023-04-02 16:38:21');
INSERT INTO `log_info` VALUES ('7391261f-9767-4294-abbf-50fa14166b3a', '数据字典-根据分组名称获取列表', 'SELECT', '根据分组名称获取列表', '{\"groupName\":\"template_type\"}', '{\"code\":200,\"message\":\"操作成功\",\"result\":[{\"createTime\":\"2022-02-24 13:10:10\",\"dicLabel\":\"验证码\",\"dicValue\":0,\"groupName\":\"template_type\",\"id\":46,\"parentId\":44,\"sort\":1,\"type\":1},{\"createTime\":\"2022-02-24 13:11:09\",\"dicLabel\":\"短信通知\",\"dicValue\":1,\"groupName\":\"template_type\",\"id\":47,\"parentId\":44,\"sort\":2,\"type\":1},{\"createTime\":\"2022-02-24 13:11:09\",\"dicLabel\":\"推广短信\",\"dicValue\":2,\"groupName\":\"template_type\",\"id\":48,\"parentId\":44,\"sort\":3,\"type\":1},{\"createTime\":\"2022-02-24 13:11:09\",\"dicLabel\":\"国际/港澳台消息\",\"dicValue\":3,\"groupName\":\"template_type\",\"id\":49,\"parentId\":44,\"sort\":4,\"type\":1}]}', '3', 'bc3ac26e69731b617eb80274453f6dba', 'admin', 'cdu.zch.tansci.controller.system.SysDicController.getGroupNameByList', '/tansci/dic/getGroupNameByList', '127.0.0.1', '1.0.0', '2023-06-09 09:46:06');
INSERT INTO `log_info` VALUES ('74a15ad2-6e70-4e22-884e-ef3fde75950c', '组织-列表', 'SELECT', '列表', '{}', '{\"code\":200,\"message\":\"操作成功\",\"result\":[{\"createTime\":\"2021-10-23 15:08:20\",\"delFlag\":0,\"id\":2,\"name\":\"成都大公司\",\"parentId\":1,\"sort\":1,\"updateTime\":\"2023-06-09 09:45:31\"}]}', '3', 'bc3ac26e69731b617eb80274453f6dba', 'admin', 'cdu.zch.tansci.controller.system.SysOrgController.list', '/tansci/org/list', '127.0.0.1', '1.0.0', '2023-06-09 09:45:32');
INSERT INTO `log_info` VALUES ('779a08db-010d-41e7-8669-3a8caab7add1', '组织-列表', 'SELECT', '列表', '{}', '{\"code\":200,\"message\":\"操作成功\",\"result\":[{\"createTime\":\"2021-10-23 15:08:20\",\"delFlag\":0,\"id\":2,\"name\":\"成都大公司\",\"parentId\":1,\"sort\":1,\"updateTime\":\"2023-06-09 09:45:31\"}]}', '3', 'bc3ac26e69731b617eb80274453f6dba', 'admin', 'cdu.zch.tansci.controller.system.SysOrgController.list', '/tansci/org/list', '127.0.0.1', '1.0.0', '2023-06-09 09:45:59');
INSERT INTO `log_info` VALUES ('786e9994-f1cf-46b0-ae0c-718de03ac168', '模板配置-消息发送日志', 'SELECT', '消息发送日志', '{\"current\":\"1\",\"total\":\"1\",\"size\":\"10\"}', '{\"code\":200,\"message\":\"操作成功\",\"result\":{\"current\":1,\"optimizeCountSql\":true,\"orders\":[],\"pages\":0,\"records\":[],\"searchCount\":true,\"size\":10,\"total\":0}}', '8', 'bc3ac26e69731b617eb80274453f6dba', 'admin', 'cdu.zch.tansci.controller.message.TemplateController.logPage', '/tansci/template/logPage', '127.0.0.1', '1.0.0', '2023-06-09 09:46:13');
INSERT INTO `log_info` VALUES ('7870d667-b38a-4955-a58d-1ba6bd9b1257', '数据字典-根据分组名称获取列表', 'SELECT', '根据分组名称获取列表', '{\"groupName\":\"template_type\"}', '{\"code\":200,\"fail\":false,\"message\":\"操作成功\",\"result\":[{\"createTime\":\"2022-02-24T13:10:10\",\"dicLabel\":\"验证码\",\"dicValue\":0,\"groupName\":\"template_type\",\"id\":46,\"parentId\":44,\"sort\":1,\"type\":1},{\"createTime\":\"2022-02-24T13:11:09\",\"dicLabel\":\"短信通知\",\"dicValue\":1,\"groupName\":\"template_type\",\"id\":47,\"parentId\":44,\"sort\":2,\"type\":1},{\"createTime\":\"2022-02-24T13:11:09\",\"dicLabel\":\"推广短信\",\"dicValue\":2,\"groupName\":\"template_type\",\"id\":48,\"parentId\":44,\"sort\":3,\"type\":1},{\"createTime\":\"2022-02-24T13:11:09\",\"dicLabel\":\"国际/港澳台消息\",\"dicValue\":3,\"groupName\":\"template_type\",\"id\":49,\"parentId\":44,\"sort\":4,\"type\":1}],\"success\":true}', '5', 'bc3ac26e69731b617eb80274453f6dba', 'admin', 'com.tansci.controller.system.SysDicController.getGroupNameByList', '/tansci/dic/getGroupNameByList', '127.0.0.1', '1.1.0', '2023-04-02 16:36:48');
INSERT INTO `log_info` VALUES ('7c74be60-0ad3-450d-b428-a7d097395c94', '组织-修改组织信息', 'INSERT', '修改组织信息', '{}', '{\"code\":200,\"message\":\"操作成功\",\"result\":true}', '6', 'bc3ac26e69731b617eb80274453f6dba', 'admin', 'cdu.zch.tansci.controller.system.SysOrgController.update', '/tansci/org/update', '127.0.0.1', '1.0.0', '2023-06-09 09:45:31');
INSERT INTO `log_info` VALUES ('81133eca-d1f5-4172-a9ff-c51b1fcfc086', '数据字典-根据分组名称获取列表', 'SELECT', '根据分组名称获取列表', '{\"groupName\":\"user_type\"}', '{\"code\":200,\"message\":\"操作成功\",\"result\":[{\"createTime\":\"2021-07-08 15:59:39\",\"dicLabel\":\"超级管理员\",\"dicValue\":0,\"groupName\":\"user_type\",\"id\":13,\"parentId\":12,\"remarks\":\"\",\"sort\":1,\"type\":0},{\"createTime\":\"2021-07-08 15:59:56\",\"dicLabel\":\"管理员\",\"dicValue\":1,\"groupName\":\"user_type\",\"id\":14,\"parentId\":12,\"remarks\":\"\",\"sort\":2,\"type\":0},{\"createTime\":\"2021-07-08 16:00:29\",\"dicLabel\":\"普通用户\",\"dicValue\":2,\"groupName\":\"user_type\",\"id\":15,\"parentId\":12,\"remarks\":\"\",\"sort\":3,\"type\":0}]}', '4', 'bc3ac26e69731b617eb80274453f6dba', 'admin', 'cdu.zch.tansci.controller.system.SysDicController.getGroupNameByList', '/tansci/dic/getGroupNameByList', '127.0.0.1', '1.0.0', '2023-06-09 09:45:40');
INSERT INTO `log_info` VALUES ('821d01c9-d9c7-4ef3-bcf0-9cca951c2cbc', '数据字典-列表', 'SELECT', '列表', '{}', '{\"code\":200,\"fail\":false,\"message\":\"操作成功\",\"result\":[{\"children\":[{\"children\":[{\"children\":[],\"createTime\":\"2021-07-06T16:18:05\",\"dicLabel\":\"系统\",\"dicValue\":0,\"groupName\":\"sys_dic_type\",\"id\":9,\"parentId\":2,\"remarks\":\"\",\"sort\":1,\"type\":0,\"typeName\":\"系统类\"},{\"children\":[],\"createTime\":\"2021-07-06T16:18:19\",\"dicLabel\":\"业务\",\"dicValue\":1,\"groupName\":\"sys_dic_type\",\"id\":10,\"parentId\":2,\"remarks\":\"\",\"sort\":2,\"type\":0,\"typeName\":\"系统类\"}],\"createTime\":\"2021-07-06T12:44:36\",\"dicLabel\":\"系统数据字典类型\",\"dicValue\":-1,\"groupName\":\"sys_dic_type\",\"id\":2,\"parentId\":1,\"remarks\":\"系统数据字典类型\",\"sort\":0,\"type\":0,\"typeName\":\"系统类\",\"updateTime\":\"2021-07-06T17:08:04\"},{\"children\":[{\"children\":[],\"createTime\":\"2021-07-06T16:16:45\",\"dicLabel\":\"正常\",\"dicValue\":0,\"groupName\":\"del_type\",\"id\":7,\"parentId\":6,\"remarks\":\"\",\"sort\":1,\"type\":0,\"typeName\":\"系统类\"},{\"children\":[],\"createTime\":\"2021-07-06T16:17:08\",\"dicLabel\":\"已删除\",\"dicValue\":1,\"groupName\":\"del_type\",\"id\":8,\"parentId\":6,\"remarks\":\"\",\"sort\":2,\"type\":0,\"typeName\":\"系统类\"}],\"createTime\":\"2021-07-06T16:16:17\",\"dicLabel\":\"删除状态\",\"dicValue\":-1,\"groupName\":\"del_type\",\"id\":6,\"parentId\":1,\"remarks\":\"系统删除状态\",\"sort\":0,\"type\":0,\"typeName\":\"系统类\",\"updateTime\":\"2021-07-06T17:03:39\"},{\"children\":[{\"children\":[],\"createTime\":\"2021-07-08T15:59:39\",\"dicLabel\":\"超级管理员\",\"dicValue\":0,\"groupName\":\"user_type\",\"id\":13,\"parentId\":12,\"remarks\":\"\",\"sort\":1,\"type\":0,\"typeName\":\"系统类\"},{\"children\":[],\"createTime\":\"2021-07-08T15:59:56\",\"dicLabel\":\"管理员\",\"dicValue\":1,\"groupName\":\"user_type\",\"id\":14,\"parentId\":12,\"remarks\":\"\",\"sort\":2,\"type\":0,\"typeName\":\"系统类\"},{\"children\":[],\"createTime\":\"2021-07-08T16:00:29\",\"dicLabel\":\"普通用户\",\"dicValue\":2,\"groupName\":\"user_type\",\"id\":15,\"parentId\":12,\"remarks\":\"\",\"sort\":3,\"type\":0,\"typeName\":\"系统类\"}],\"createTime\":\"2021-07-08T15:59:08\",\"dicLabel\":\"用户类型\",\"dicValue\":-1,\"groupName\":\"user_type\",\"id\":12,\"parentId\":1,\"remarks\":\"\",\"sort\":0,\"type\":0,\"typeName\":\"系统类\"},{\"children\":[{\"children\":[],\"createTime\":\"2021-07-20T22:39:59\",\"dicLabel\":\"未上架\",\"dicValue\":0,\"groupName\":\"menu_status\",\"id\":36,\"parentId\":35,\"remarks\":\"\",\"sort\":1,\"type\":0,\"typeName\":\"系统类\"},{\"children\":[],\"createTime\":\"2021-07-20T22:40:16\",\"dicLabel\":\"正常\",\"dicValue\":1,\"groupName\":\"menu_status\",\"id\":37,\"parentId\":35,\"remarks\":\"\",\"sort\":2,\"type\":0,\"typeName\":\"系统类\"},{\"children\":[],\"createTime\":\"2021-07-20T22:40:33\",\"dicLabel\":\"已下架\",\"dicValue\":2,\"groupName\":\"menu_status\",\"id\":38,\"parentId\":35,\"remarks\":\"\",\"sort\":3,\"type\":0,\"typeName\":\"系统类\"}],\"createTime\":\"2021-07-20T22:39:37\",\"dicLabel\":\"菜单状态\",\"dicValue\":-1,\"groupName\":\"menu_status\",\"id\":35,\"parentId\":1,\"remarks\":\"\",\"sort\":0,\"type\":0,\"typeName\":\"系统类\"},{\"children\":[{\"children\":[],\"createTime\":\"2021-07-23T17:01:52\",\"dicLabel\":\"未启用\",\"dicValue\":0,\"groupName\":\"role_status\",\"id\":40,\"parentId\":39,\"remarks\":\"\",\"sort\":1,\"type\":0,\"typeName\":\"系统类\",\"updateTime\":\"2021-07-23T17:03:35\"},{\"children\":[],\"createTime\":\"2021-07-23T17:02:11\",\"dicLabel\":\"正常\",\"dicValue\":1,\"groupName\":\"role_status\",\"id\":41,\"parentId\":39,\"remarks\":\"\",\"sort\":2,\"type\":0,\"typeName\":\"系统类\",\"updateTime\":\"2021-07-23T17:03:41\"},{\"children\":[],\"createTime\":\"2021-07-23T17:03:00\",\"dicLabel\":\"已禁用\",\"dicValue\":2,\"groupName\":\"role_status\",\"id\":43,\"parentId\":39,\"remarks\":\"\",\"sort\":3,\"type\":0,\"typeName\":\"系统类\",\"updateTime\":\"2021-07-23T17:03:46\"}],\"createTime\":\"2021-07-23T17:01:04\",\"dicLabel\":\"角色状态\",\"dicValue\":-1,\"groupName\":\"role_status\",\"id\":39,\"parentId\":1,\"remarks\":\"\",\"sort\":0,\"type\":0,\"typeName\":\"系统类\",\"updateTime\":\"2021-07-23T17:03:27\"},{\"children\":[{\"children\":[],\"createTime\":\"2022-02-24T13:10:10\",\"dicLabel\":\"验证码\",\"dicValue\":0,\"groupName\":\"template_type\",\"id\":46,\"parentId\":44,\"sort\":1,\"type\":1,\"typeName\":\"业务类\"},{\"children\":[],\"createTime\":\"2022-02-24T13:11:09\",\"dicLabel\":\"短信通知\",\"dicValue\":1,\"groupName\":\"template_type\",\"id\":47,\"parentId\":44,\"sort\":2,\"type\":1,\"typeName\":\"业务类\"},{\"children\":[],\"createTime\":\"2022-02-24T13:11:09\",\"dicLabel\":\"推广短信\",\"dicValue\":2,\"groupName\":\"template_type\",\"id\":48,\"parentId\":44,\"sort\":3,\"type\":1,\"typeName\":\"业务类\"},{\"children\":[],\"createTime\":\"2022-02-24T13:11:09\",\"dicLabel\":\"国际/港澳台消息\",\"dicValue\":3,\"groupName\":\"template_type\",\"id\":49,\"parentId\":44,\"sort\":4,\"type\":1,\"typeName\":\"业务类\"}],\"createTime\":\"2022-02-24T13:08:12\",\"dicLabel\":\"模板类型\",\"dicValue\":-1,\"groupName\":\"template_type\",\"id\":44,\"parentId\":1,\"sort\":0,\"type\":1,\"typeName\":\"业务类\"},{\"children\":[{\"children\":[],\"createTime\":\"2022-02-24T13:13:21\",\"dicLabel\":\"短信\",\"dicValue\":0,\"groupName\":\"template_business_type\",\"id\":51,\"parentId\":50,\"sort\":1,\"type\":1,\"typeName\":\"业务类\"},{\"children\":[],\"createTime\":\"2022-02-24T13:13:21\",\"dicLabel\":\"邮件\",\"dicValue\":1,\"groupName\":\"template_business_type\",\"id\":52,\"parentId\":50,\"sort\":2,\"type\":1,\"typeName\":\"业务类\"}],\"createTime\":\"2022-02-24T13:13:21\",\"dicLabel\":\"模板业务类型\",\"dicValue\":-1,\"groupName\":\"template_business_type\",\"id\":50,\"parentId\":1,\"sort\":0,\"type\":1,\"typeName\":\"业务类\"},{\"children\":[{\"children\":[],\"createTime\":\"2022-02-24T14:02:16\",\"dicLabel\":\"审核中\",\"dicValue\":0,\"groupName\":\"template_state\",\"id\":55,\"parentId\":54,\"sort\":1,\"type\":1,\"typeName\":\"业务类\"},{\"children\":[],\"createTime\":\"2022-02-24T14:02:38\",\"dicLabel\":\"通过\",\"dicValue\":1,\"groupName\":\"template_state\",\"id\":56,\"parentId\":54,\"sort\":2,\"type\":1,\"typeName\":\"业务类\"},{\"children\":[],\"createTime\":\"2022-02-24T14:02:54\",\"dicLabel\":\"未通过\",\"dicValue\":2,\"groupName\":\"template_state\",\"id\":57,\"parentId\":54,\"sort\":3,\"type\":1,\"typeName\":\"业务类\"}],\"createTime\":\"2022-02-24T14:01:44\",\"dicLabel\":\"模板状态\",\"dicValue\":-1,\"groupName\":\"template_state\",\"id\":54,\"parentId\":1,\"sort\":0,\"type\":1,\"typeName\":\"业务类\"}],\"createTime\":\"2021-07-06T11:38:58\",\"dicLabel\":\"数据字典\",\"dicValue\":0,\"groupName\":\"sys_dic\",\"id\":1,\"parentId\":0,\"sort\":0,\"type\":0,\"typeName\":\"系统类\",\"updateTime\":\"2021-07-06T14:40:33\"}],\"success\":true}', '42', 'bc3ac26e69731b617eb80274453f6dba', 'admin', 'com.tansci.controller.system.SysDicController.dicList', '/tansci/dic/dicList', '127.0.0.1', '1.1.0', '2023-04-02 16:31:09');
INSERT INTO `log_info` VALUES ('947ffa8c-130f-4d2d-bf0c-1cfc11617d45', '用户-用户分页', 'SELECT', '用户分页', '{\"current\":\"1\",\"total\":\"1\",\"size\":\"10\"}', '{\"code\":200,\"fail\":false,\"message\":\"操作成功\",\"result\":{\"current\":1,\"optimizeCountSql\":true,\"orders\":[],\"pages\":1,\"records\":[{\"address\":\"甘肃兰州\",\"birthday\":\"2021-07-09\",\"createTime\":\"2021-07-08T12:07:20\",\"delFlag\":0,\"delFlagName\":\"正常\",\"email\":\"\",\"gender\":0,\"genderName\":\"男\",\"id\":\"bc3ac26e69731b617eb80274453f6dba\",\"nickname\":\"管理员\",\"orgId\":2,\"password\":\"$2a$10$tlWWfjTObqLsC6ONrhNL/.GIpAoFu205TXPK6xUPHHr1kA/paK4lq\",\"phone\":\"18893817562\",\"remember\":0,\"type\":1,\"typeName\":\"管理员\",\"updateTime\":\"2021-12-16T11:45:48\",\"username\":\"admin\"}],\"searchCount\":true,\"size\":10,\"total\":1},\"success\":true}', '48', 'bc3ac26e69731b617eb80274453f6dba', 'admin', 'com.tansci.controller.system.SysUserController.page', '/tansci/user/page', '127.0.0.1', '1.1.0', '2023-04-02 16:29:56');
INSERT INTO `log_info` VALUES ('986c61bc-d093-40ab-b914-c8b0575a1256', '组织-列表', 'SELECT', '列表', '{}', '{\"code\":200,\"message\":\"操作成功\",\"result\":[{\"createTime\":\"2021-10-23 15:08:20\",\"delFlag\":0,\"id\":2,\"name\":\"成都大公司\",\"parentId\":1,\"sort\":1,\"updateTime\":\"2023-06-09 09:45:31\"}]}', '2', 'bc3ac26e69731b617eb80274453f6dba', 'admin', 'cdu.zch.tansci.controller.system.SysOrgController.list', '/tansci/org/list', '127.0.0.1', '1.0.0', '2023-06-09 09:45:36');
INSERT INTO `log_info` VALUES ('98ae4783-be97-4265-a3ed-7d1043411966', '组织-列表', 'SELECT', '列表', '{}', '{\"code\":200,\"fail\":false,\"message\":\"操作成功\",\"result\":[{\"createTime\":\"2021-10-23T15:08:20\",\"delFlag\":0,\"id\":2,\"name\":\"兰州子公司\",\"parentId\":1,\"sort\":2}],\"success\":true}', '32', 'bc3ac26e69731b617eb80274453f6dba', 'admin', 'com.tansci.controller.system.SysOrgController.list', '/tansci/org/list', '127.0.0.1', '1.1.0', '2023-04-02 16:38:05');
INSERT INTO `log_info` VALUES ('98af3495-b483-435b-b0fc-4860abf634be', '用户-用户分页', 'SELECT', '用户分页', '{\"current\":\"1\",\"total\":\"1\",\"size\":\"10\"}', '{\"code\":200,\"fail\":false,\"message\":\"操作成功\",\"result\":{\"current\":1,\"optimizeCountSql\":true,\"orders\":[],\"pages\":1,\"records\":[{\"address\":\"甘肃兰州\",\"birthday\":\"2021-07-09\",\"createTime\":\"2021-07-08T12:07:20\",\"delFlag\":0,\"delFlagName\":\"正常\",\"email\":\"\",\"gender\":0,\"genderName\":\"男\",\"id\":\"bc3ac26e69731b617eb80274453f6dba\",\"nickname\":\"管理员\",\"orgId\":2,\"password\":\"$2a$10$tlWWfjTObqLsC6ONrhNL/.GIpAoFu205TXPK6xUPHHr1kA/paK4lq\",\"phone\":\"18893817562\",\"remember\":0,\"type\":1,\"typeName\":\"管理员\",\"updateTime\":\"2021-12-16T11:45:48\",\"username\":\"admin\"}],\"searchCount\":true,\"size\":10,\"total\":1},\"success\":true}', '14', 'bc3ac26e69731b617eb80274453f6dba', 'admin', 'com.tansci.controller.system.SysUserController.page', '/tansci/user/page', '127.0.0.1', '1.1.0', '2023-04-02 16:32:12');
INSERT INTO `log_info` VALUES ('9ad58321-f6c6-4de8-9953-1afa91da9bd3', '用户-修改用户信息', 'INSERT', '修改用户信息', '{}', '{\"code\":200,\"message\":\"操作成功\",\"result\":true}', '19', 'bc3ac26e69731b617eb80274453f6dba', 'admin', 'cdu.zch.tansci.controller.system.SysUserController.update', '/tansci/user/update', '127.0.0.1', '1.0.0', '2023-06-09 09:45:13');
INSERT INTO `log_info` VALUES ('a0df2132-bef2-422f-bf5b-1bf41e3ba140', '组织-列表', 'SELECT', '列表', '{}', '{\"code\":200,\"fail\":false,\"message\":\"操作成功\",\"result\":[{\"createTime\":\"2021-10-23T15:08:20\",\"delFlag\":0,\"id\":2,\"name\":\"兰州子公司\",\"parentId\":1,\"sort\":2}],\"success\":true}', '11', 'bc3ac26e69731b617eb80274453f6dba', 'admin', 'com.tansci.controller.system.SysOrgController.list', '/tansci/org/list', '127.0.0.1', '1.1.0', '2023-04-02 16:29:56');
INSERT INTO `log_info` VALUES ('a1d8740c-93ba-4aab-96e0-7c0ffe4ad29a', '组织-列表', 'SELECT', '列表', '{}', '{\"code\":200,\"fail\":false,\"message\":\"操作成功\",\"result\":[{\"createTime\":\"2021-10-23T15:08:20\",\"delFlag\":0,\"id\":2,\"name\":\"兰州子公司\",\"parentId\":1,\"sort\":2}],\"success\":true}', '2', 'bc3ac26e69731b617eb80274453f6dba', 'admin', 'com.tansci.controller.system.SysOrgController.list', '/tansci/org/list', '127.0.0.1', '1.1.0', '2023-04-02 16:38:35');
INSERT INTO `log_info` VALUES ('a2e9bfab-db79-4136-ba80-3ddf1cfa15d2', '调度执行日志-分页', 'SELECT', '分页', '{\"current\":\"1\",\"total\":\"1\",\"size\":\"10\"}', '{\"code\":200,\"fail\":false,\"message\":\"操作成功\",\"result\":{\"current\":1,\"optimizeCountSql\":true,\"orders\":[],\"pages\":0,\"records\":[],\"searchCount\":true,\"size\":10,\"total\":0},\"success\":true}', '15', 'bc3ac26e69731b617eb80274453f6dba', 'admin', 'com.tansci.controller.system.TaskLogController.page', '/tansci/taskLog/page', '127.0.0.1', '1.1.0', '2023-04-02 16:36:38');
INSERT INTO `log_info` VALUES ('a8371e68-0ebe-4ad1-bd23-bccc8a0e6471', '菜单-菜单列表', 'SELECT', '菜单列表', '{\"types\":\"1,2,3\",\"status\":\"1\"}', '{\"code\":200,\"fail\":false,\"message\":\"操作成功\",\"result\":[{\"chineseName\":\"工作台\",\"createTime\":\"2021-07-20T22:02:18\",\"englishName\":\"Home\",\"icon\":\"HomeFilled\",\"id\":1,\"name\":\"home\",\"parentId\":0,\"sort\":1,\"status\":1,\"type\":1,\"updateTime\":\"2021-07-28T15:43:30\",\"url\":\"/Home\"},{\"children\":[{\"chineseName\":\"用户列表\",\"createTime\":\"2021-07-20T22:09:46\",\"englishName\":\"UserList\",\"icon\":\"Avatar\",\"id\":3,\"name\":\"user\",\"parentId\":2,\"sort\":4,\"status\":1,\"type\":1,\"updateTime\":\"2021-12-17T17:37:24\",\"url\":\"/system/User\"},{\"chineseName\":\"字典管理\",\"createTime\":\"2021-07-22T17:09:46\",\"englishName\":\"Dic\",\"icon\":\"Notebook\",\"id\":5,\"name\":\"dicInfo\",\"parentId\":2,\"sort\":6,\"status\":1,\"type\":1,\"updateTime\":\"2021-12-17T17:38:14\",\"url\":\"/system/DicInfo\"},{\"chineseName\":\"菜单管理\",\"createTime\":\"2021-07-22T17:11:10\",\"englishName\":\"Menu\",\"icon\":\"Grid\",\"id\":6,\"name\":\"menu\",\"parentId\":2,\"sort\":1,\"status\":1,\"type\":1,\"updateTime\":\"2021-12-17T17:34:53\",\"url\":\"/system/Menu\"},{\"chineseName\":\"角色管理\",\"createTime\":\"2021-07-23T16:09:30\",\"englishName\":\"Role\",\"icon\":\"Help\",\"id\":7,\"name\":\"role\",\"parentId\":2,\"sort\":2,\"status\":1,\"type\":1,\"updateTime\":\"2021-12-17T17:36:32\",\"url\":\"/system/Role\"},{\"chineseName\":\"组织管理\",\"createTime\":\"2021-10-23T14:23:11\",\"englishName\":\"Org\",\"icon\":\"SetUp\",\"id\":8,\"name\":\"org\",\"parentId\":2,\"sort\":3,\"status\":1,\"type\":1,\"updateTime\":\"2021-12-17T17:37:10\",\"url\":\"/system/Org\"},{\"chineseName\":\"日志管理\",\"createTime\":\"2021-12-20T10:49:42\",\"englishName\":\"Log\",\"icon\":\"Document\",\"id\":9,\"name\":\"log\",\"parentId\":2,\"sort\":6,\"status\":1,\"type\":1,\"url\":\"/system/Log\"}],\"chineseName\":\"系统管理\",\"createTime\":\"2021-10-23T19:50:28\",\"englishName\":\"System\",\"icon\":\"Tools\",\"id\":2,\"name\":\"system\",\"parentId\":0,\"sort\":1,\"status\":1,\"type\":1,\"updateTime\":\"2021-12-17T17:33:08\",\"url\":\"/system\"},{\"children\":[{\"chineseName\":\"消息模板\",\"createTime\":\"2022-02-24T10:24:46\",\"englishName\":\"Template\",\"icon\":\"Postcard\",\"id\":11,\"name\":\"template\",\"parentId\":10,\"sort\":0,\"status\":1,\"type\":1,\"url\":\"/message/Template\"},{\"chineseName\":\"消息日志\",\"createTime\":\"2022-06-28T17:37:21\",\"englishName\":\"MessageLog\",\"icon\":\"Document\",\"id\":15,\"name\":\"messageLog\",\"parentId\":10,\"sort\":2,\"status\":1,\"type\":1,\"url\":\"/message/MessageLog\"}],\"chineseName\":\"消息管理\",\"createTime\":\"2022-02-24T10:17:44\",\"englishName\":\"Message\",\"icon\":\"Comment\",\"id\":10,\"name\":\"message\",\"parentId\":0,\"sort\":2,\"status\":1,\"type\":1,\"url\":\"/message\"},{\"children\":[{\"chineseName\":\"任务调度\",\"createTime\":\"2022-02-25T11:25:00\",\"englishName\":\"TaskConfig\",\"icon\":\"Odometer\",\"id\":13,\"name\":\"taskConfig\",\"parentId\":12,\"sort\":1,\"status\":1,\"type\":1,\"url\":\"/task/TaskConfig\"},{\"chineseName\":\"调度日志\",\"createTime\":\"2022-06-28T17:35:05\",\"englishName\":\"TaskLog\",\"icon\":\"Document\",\"id\":14,\"name\":\"taskLog\",\"parentId\":12,\"sort\":2,\"status\":1,\"type\":1,\"url\":\"/task/TaskLog\"}],\"chineseName\":\"任务管理\",\"createTime\":\"2022-02-25T11:24:07\",\"englishName\":\"Task Manage\",\"icon\":\"Clock\",\"id\":12,\"name\":\"task\",\"parentId\":0,\"sort\":0,\"status\":1,\"type\":1,\"url\":\"/task\"},{\"chineseName\":\"API文档\",\"createTime\":\"2022-06-29T15:21:23\",\"englishName\":\"API Docs\",\"icon\":\"Notebook\",\"id\":16,\"name\":\"api\",\"parentId\":0,\"sort\":5,\"status\":1,\"type\":2,\"updateTime\":\"2022-06-29T16:33:20\",\"url\":\"http://localhost:8005/tansci/doc.html\"},{\"chineseName\":\"必应链接\",\"createTime\":\"2022-06-29T17:17:44\",\"englishName\":\"biying\",\"icon\":\"Search\",\"id\":17,\"name\":\"biying\",\"parentId\":0,\"sort\":6,\"status\":1,\"type\":3,\"url\":\"https://cn.bing.com\"}],\"success\":true}', '33', 'bc3ac26e69731b617eb80274453f6dba', 'admin', 'com.tansci.controller.system.SysMenuController.list', '/tansci/menu/list', '127.0.0.1', '1.1.0', '2023-04-02 16:29:46');
INSERT INTO `log_info` VALUES ('b46d2291-2eed-4585-957a-3dd63d45dffd', '用户-用户分页', 'SELECT', '用户分页', '{\"current\":\"1\",\"total\":\"1\",\"size\":\"10\"}', '{\"code\":200,\"fail\":false,\"message\":\"操作成功\",\"result\":{\"current\":1,\"optimizeCountSql\":true,\"orders\":[],\"pages\":1,\"records\":[{\"address\":\"甘肃兰州\",\"birthday\":\"2021-07-09\",\"createTime\":\"2021-07-08T12:07:20\",\"delFlag\":0,\"delFlagName\":\"正常\",\"email\":\"\",\"gender\":0,\"genderName\":\"男\",\"id\":\"bc3ac26e69731b617eb80274453f6dba\",\"nickname\":\"管理员\",\"orgId\":2,\"password\":\"$2a$10$tlWWfjTObqLsC6ONrhNL/.GIpAoFu205TXPK6xUPHHr1kA/paK4lq\",\"phone\":\"18893817562\",\"remember\":0,\"type\":1,\"typeName\":\"管理员\",\"updateTime\":\"2021-12-16T11:45:48\",\"username\":\"admin\"}],\"searchCount\":true,\"size\":10,\"total\":1},\"success\":true}', '43', 'bc3ac26e69731b617eb80274453f6dba', 'admin', 'com.tansci.controller.system.SysUserController.page', '/tansci/user/page', '127.0.0.1', '1.1.0', '2023-04-02 16:38:05');
INSERT INTO `log_info` VALUES ('c0d7b5fb-185b-4955-9fc4-3efc52aea22b', '用户-用户分页', 'SELECT', '用户分页', '{\"current\":\"1\",\"total\":\"1\",\"size\":\"10\"}', '{\"code\":200,\"message\":\"操作成功\",\"result\":{\"current\":1,\"optimizeCountSql\":true,\"orders\":[],\"pages\":1,\"records\":[{\"address\":\"四川成都\",\"birthday\":1625760000000,\"createTime\":\"2021-07-08 12:07:20\",\"delFlag\":0,\"email\":\"admin123@qq.com\",\"gender\":0,\"genderName\":\"男\",\"id\":\"bc3ac26e69731b617eb80274453f6dba\",\"nickname\":\"管理员\",\"orgId\":2,\"password\":\"$2a$10$tlWWfjTObqLsC6ONrhNL/.GIpAoFu205TXPK6xUPHHr1kA/paK4lq\",\"phone\":\"18012345678\",\"remember\":0,\"type\":1,\"typeName\":\"管理员\",\"updateTime\":\"2023-06-09 09:45:13\",\"username\":\"admin\"}],\"searchCount\":true,\"size\":10,\"total\":1}}', '12', 'bc3ac26e69731b617eb80274453f6dba', 'admin', 'cdu.zch.tansci.controller.system.SysUserController.page', '/tansci/user/page', '127.0.0.1', '1.0.0', '2023-06-09 09:45:36');
INSERT INTO `log_info` VALUES ('cc88ea95-ac5a-4cbf-909b-60896c7182dc', '菜单-菜单列表', 'SELECT', '菜单列表', '{}', '{\"code\":200,\"fail\":false,\"message\":\"操作成功\",\"result\":[{\"chineseName\":\"工作台\",\"createTime\":\"2021-07-20T22:02:18\",\"englishName\":\"Home\",\"icon\":\"HomeFilled\",\"id\":1,\"name\":\"home\",\"parentId\":0,\"sort\":1,\"status\":1,\"type\":1,\"updateTime\":\"2021-07-28T15:43:30\",\"url\":\"/Home\"},{\"children\":[{\"chineseName\":\"用户列表\",\"createTime\":\"2021-07-20T22:09:46\",\"englishName\":\"UserList\",\"icon\":\"Avatar\",\"id\":3,\"name\":\"user\",\"parentId\":2,\"sort\":4,\"status\":1,\"type\":1,\"updateTime\":\"2021-12-17T17:37:24\",\"url\":\"/system/User\"},{\"chineseName\":\"字典管理\",\"createTime\":\"2021-07-22T17:09:46\",\"englishName\":\"Dic\",\"icon\":\"Notebook\",\"id\":5,\"name\":\"dicInfo\",\"parentId\":2,\"sort\":6,\"status\":1,\"type\":1,\"updateTime\":\"2021-12-17T17:38:14\",\"url\":\"/system/DicInfo\"},{\"chineseName\":\"菜单管理\",\"createTime\":\"2021-07-22T17:11:10\",\"englishName\":\"Menu\",\"icon\":\"Grid\",\"id\":6,\"name\":\"menu\",\"parentId\":2,\"sort\":1,\"status\":1,\"type\":1,\"updateTime\":\"2021-12-17T17:34:53\",\"url\":\"/system/Menu\"},{\"chineseName\":\"角色管理\",\"createTime\":\"2021-07-23T16:09:30\",\"englishName\":\"Role\",\"icon\":\"Help\",\"id\":7,\"name\":\"role\",\"parentId\":2,\"sort\":2,\"status\":1,\"type\":1,\"updateTime\":\"2021-12-17T17:36:32\",\"url\":\"/system/Role\"},{\"chineseName\":\"组织管理\",\"createTime\":\"2021-10-23T14:23:11\",\"englishName\":\"Org\",\"icon\":\"SetUp\",\"id\":8,\"name\":\"org\",\"parentId\":2,\"sort\":3,\"status\":1,\"type\":1,\"updateTime\":\"2021-12-17T17:37:10\",\"url\":\"/system/Org\"},{\"chineseName\":\"日志管理\",\"createTime\":\"2021-12-20T10:49:42\",\"englishName\":\"Log\",\"icon\":\"Document\",\"id\":9,\"name\":\"log\",\"parentId\":2,\"sort\":6,\"status\":1,\"type\":1,\"url\":\"/system/Log\"}],\"chineseName\":\"系统管理\",\"createTime\":\"2021-10-23T19:50:28\",\"englishName\":\"System\",\"icon\":\"Tools\",\"id\":2,\"name\":\"system\",\"parentId\":0,\"sort\":1,\"status\":1,\"type\":1,\"updateTime\":\"2021-12-17T17:33:08\",\"url\":\"/system\"},{\"children\":[{\"chineseName\":\"消息模板\",\"createTime\":\"2022-02-24T10:24:46\",\"englishName\":\"Template\",\"icon\":\"Postcard\",\"id\":11,\"name\":\"template\",\"parentId\":10,\"sort\":0,\"status\":1,\"type\":1,\"url\":\"/message/Template\"},{\"chineseName\":\"消息日志\",\"createTime\":\"2022-06-28T17:37:21\",\"englishName\":\"MessageLog\",\"icon\":\"Document\",\"id\":15,\"name\":\"messageLog\",\"parentId\":10,\"sort\":2,\"status\":1,\"type\":1,\"url\":\"/message/MessageLog\"}],\"chineseName\":\"消息管理\",\"createTime\":\"2022-02-24T10:17:44\",\"englishName\":\"Message\",\"icon\":\"Comment\",\"id\":10,\"name\":\"message\",\"parentId\":0,\"sort\":2,\"status\":1,\"type\":1,\"url\":\"/message\"},{\"children\":[{\"chineseName\":\"任务调度\",\"createTime\":\"2022-02-25T11:25:00\",\"englishName\":\"TaskConfig\",\"icon\":\"Odometer\",\"id\":13,\"name\":\"taskConfig\",\"parentId\":12,\"sort\":1,\"status\":1,\"type\":1,\"url\":\"/task/TaskConfig\"},{\"chineseName\":\"调度日志\",\"createTime\":\"2022-06-28T17:35:05\",\"englishName\":\"TaskLog\",\"icon\":\"Document\",\"id\":14,\"name\":\"taskLog\",\"parentId\":12,\"sort\":2,\"status\":1,\"type\":1,\"url\":\"/task/TaskLog\"}],\"chineseName\":\"任务管理\",\"createTime\":\"2022-02-25T11:24:07\",\"englishName\":\"Task Manage\",\"icon\":\"Clock\",\"id\":12,\"name\":\"task\",\"parentId\":0,\"sort\":0,\"status\":1,\"type\":1,\"url\":\"/task\"},{\"chineseName\":\"API文档\",\"createTime\":\"2022-06-29T15:21:23\",\"englishName\":\"API Docs\",\"icon\":\"Notebook\",\"id\":16,\"name\":\"api\",\"parentId\":0,\"sort\":5,\"status\":1,\"type\":2,\"updateTime\":\"2022-06-29T16:33:20\",\"url\":\"http://localhost:8005/tansci/doc.html\"},{\"chineseName\":\"必应链接\",\"createTime\":\"2022-06-29T17:17:44\",\"englishName\":\"biying\",\"icon\":\"Search\",\"id\":17,\"name\":\"biying\",\"parentId\":0,\"sort\":6,\"status\":1,\"type\":3,\"url\":\"https://cn.bing.com\"}],\"success\":true}', '8', 'bc3ac26e69731b617eb80274453f6dba', 'admin', 'com.tansci.controller.system.SysMenuController.list', '/tansci/menu/list', '127.0.0.1', '1.1.0', '2023-04-02 16:38:23');
INSERT INTO `log_info` VALUES ('d04588c2-9bfa-4cd5-b12d-1d97d7c25eca', '数据字典-根据分组名称获取列表', 'SELECT', '根据分组名称获取列表', '{\"groupName\":\"sys_dic_type\"}', '{\"code\":200,\"fail\":false,\"message\":\"操作成功\",\"result\":[{\"createTime\":\"2021-07-06T16:18:05\",\"dicLabel\":\"系统\",\"dicValue\":0,\"groupName\":\"sys_dic_type\",\"id\":9,\"parentId\":2,\"remarks\":\"\",\"sort\":1,\"type\":0},{\"createTime\":\"2021-07-06T16:18:19\",\"dicLabel\":\"业务\",\"dicValue\":1,\"groupName\":\"sys_dic_type\",\"id\":10,\"parentId\":2,\"remarks\":\"\",\"sort\":2,\"type\":0}],\"success\":true}', '5', 'bc3ac26e69731b617eb80274453f6dba', 'admin', 'com.tansci.controller.system.SysDicController.getGroupNameByList', '/tansci/dic/getGroupNameByList', '127.0.0.1', '1.1.0', '2023-04-02 16:31:26');
INSERT INTO `log_info` VALUES ('d18dad39-f203-4aca-87d6-285d83101592', '任务配置-任务分页', 'SELECT', '任务分页', '{\"current\":\"1\",\"total\":\"1\",\"size\":\"10\"}', '{\"code\":200,\"fail\":false,\"message\":\"操作成功\",\"result\":{\"current\":1,\"optimizeCountSql\":true,\"orders\":[],\"pages\":1,\"records\":[{\"code\":\"taskTest1Service\",\"createTime\":\"2022-02-25T10:53:15\",\"creater\":\"admin\",\"expression\":\"*/20 * * * * ?\",\"id\":\"1\",\"name\":\"自定义任务测试\",\"status\":0,\"statusName\":\"未启用\",\"taskId\":\"T1000214524DFS\",\"updateTime\":\"2022-02-25T12:58:43\"},{\"code\":\"taskTest2Service\",\"createTime\":\"2022-02-25T10:53:15\",\"creater\":\"admin\",\"expression\":\"*/10 * * * * ?\",\"id\":\"2\",\"name\":\"自定义任务测试\",\"status\":0,\"statusName\":\"未启用\",\"taskId\":\"T1000214524DFS\",\"updateTime\":\"2022-02-25T10:53:12\"}],\"searchCount\":true,\"size\":10,\"total\":2},\"success\":true}', '38', 'bc3ac26e69731b617eb80274453f6dba', 'admin', 'com.tansci.controller.system.TaskConfigController.page', '/tansci/taskConfig/page', '127.0.0.1', '1.1.0', '2023-04-02 16:36:29');
INSERT INTO `log_info` VALUES ('d213c1fe-1924-43aa-b357-9156df8d5e26', '模板配置-模板列表', 'SELECT', '模板列表', '{\"current\":\"1\",\"total\":\"1\",\"size\":\"10\"}', '{\"code\":200,\"fail\":false,\"message\":\"操作成功\",\"result\":{\"current\":1,\"optimizeCountSql\":true,\"orders\":[],\"pages\":1,\"records\":[{\"businessType\":1,\"businessTypeName\":\"邮件\",\"code\":\"YJ1645680416262\",\"content\":\"这是一个测试邮件的模板，参数${param1}，第二个参数${param2}。\",\"createTime\":\"2022-02-24T13:26:56\",\"creater\":\"bc3ac26e69731b617eb80274453f6dba\",\"delFlag\":0,\"id\":\"fd1c585d659e416392163e08002ead95\",\"name\":\"测试邮件模板\",\"remark\":\"测试邮件模板\",\"state\":1,\"stateName\":\"通过\",\"type\":0,\"typeName\":\"验证码\",\"updateTime\":\"2022-02-24T13:27:10\"}],\"searchCount\":true,\"size\":10,\"total\":1},\"success\":true}', '37', 'bc3ac26e69731b617eb80274453f6dba', 'admin', 'com.tansci.controller.message.TemplateController.page', '/tansci/template/page', '127.0.0.1', '1.1.0', '2023-04-02 16:36:48');
INSERT INTO `log_info` VALUES ('d405561c-fa8a-43c6-a2e5-ba276da48166', '用户-用户分页', 'SELECT', '用户分页', '{\"current\":\"1\",\"total\":\"1\",\"size\":\"10\"}', '{\"code\":200,\"message\":\"操作成功\",\"result\":{\"current\":1,\"optimizeCountSql\":true,\"orders\":[],\"pages\":1,\"records\":[{\"address\":\"四川成都\",\"birthday\":1625760000000,\"createTime\":\"2021-07-08 12:07:20\",\"delFlag\":0,\"email\":\"admin123@qq.com\",\"gender\":0,\"genderName\":\"男\",\"id\":\"bc3ac26e69731b617eb80274453f6dba\",\"nickname\":\"管理员\",\"orgId\":2,\"password\":\"$2a$10$tlWWfjTObqLsC6ONrhNL/.GIpAoFu205TXPK6xUPHHr1kA/paK4lq\",\"phone\":\"18012345678\",\"remember\":0,\"type\":1,\"typeName\":\"管理员\",\"updateTime\":\"2023-06-09 09:45:13\",\"username\":\"admin\"}],\"searchCount\":true,\"size\":10,\"total\":1}}', '6', 'bc3ac26e69731b617eb80274453f6dba', 'admin', 'cdu.zch.tansci.controller.system.SysUserController.page', '/tansci/user/page', '127.0.0.1', '1.0.0', '2023-06-09 09:45:59');
INSERT INTO `log_info` VALUES ('dbfabf0d-d904-486d-bdd1-eb5d1c60848a', '角色-分页列表', 'SELECT', '分页列表', '{\"current\":\"1\",\"total\":\"0\",\"size\":\"10\"}', '{\"code\":200,\"fail\":false,\"message\":\"操作成功\",\"result\":{\"current\":1,\"optimizeCountSql\":true,\"orders\":[],\"pages\":1,\"records\":[{\"createTime\":\"2021-07-23T16:51:33\",\"creator\":\"bc3ac26e69731b617eb80274453f6dba\",\"id\":4,\"name\":\"演示用户\",\"status\":0,\"statusName\":\"未启用\",\"type\":1,\"typeName\":\"非平台角色\"},{\"createTime\":\"2021-07-23T16:51:01\",\"creator\":\"bc3ac26e69731b617eb80274453f6dba\",\"id\":2,\"name\":\"普通用户\",\"status\":1,\"statusName\":\"正常\",\"type\":0,\"typeName\":\"平台角色\",\"updateTime\":\"2021-07-28T15:44:58\"},{\"createTime\":\"2021-07-23T16:42:17\",\"creator\":\"bc3ac26e69731b617eb80274453f6dba\",\"id\":3,\"name\":\"管理员\",\"status\":1,\"statusName\":\"正常\",\"type\":0,\"typeName\":\"平台角色\",\"updateTime\":\"2021-07-23T17:06:56\"}],\"searchCount\":true,\"size\":10,\"total\":3},\"success\":true}', '34', 'bc3ac26e69731b617eb80274453f6dba', 'admin', 'com.tansci.controller.system.SysRoleController.page', '/tansci/role/page', '127.0.0.1', '1.1.0', '2023-04-02 16:38:29');
INSERT INTO `log_info` VALUES ('ead711f9-b370-4f6a-b9e8-a4a4f5bc6ebe', '组织-列表', 'SELECT', '列表', '{}', '{\"code\":200,\"fail\":false,\"message\":\"操作成功\",\"result\":[{\"createTime\":\"2021-10-23T15:08:20\",\"delFlag\":0,\"id\":2,\"name\":\"兰州子公司\",\"parentId\":1,\"sort\":2}],\"success\":true}', '3', 'bc3ac26e69731b617eb80274453f6dba', 'admin', 'com.tansci.controller.system.SysOrgController.list', '/tansci/org/list', '127.0.0.1', '1.1.0', '2023-04-02 16:38:50');
INSERT INTO `log_info` VALUES ('edd64ac0-9d47-4df4-bc89-a276ba22e808', '模板配置-模板列表', 'SELECT', '模板列表', '{\"current\":\"1\",\"total\":\"1\",\"size\":\"10\"}', '{\"code\":200,\"message\":\"操作成功\",\"result\":{\"current\":1,\"optimizeCountSql\":true,\"orders\":[],\"pages\":1,\"records\":[{\"businessType\":1,\"businessTypeName\":\"邮件\",\"code\":\"YJ1645680416262\",\"content\":\"这是一个测试邮件的模板，参数${param1}，第二个参数${param2}。\",\"createTime\":\"2022-02-24 13:26:56\",\"creater\":\"bc3ac26e69731b617eb80274453f6dba\",\"delFlag\":0,\"id\":\"fd1c585d659e416392163e08002ead95\",\"name\":\"测试邮件模板\",\"remark\":\"测试邮件模板\",\"state\":1,\"stateName\":\"通过\",\"type\":0,\"typeName\":\"验证码\",\"updateTime\":\"2022-02-24 13:27:10\"}],\"searchCount\":true,\"size\":10,\"total\":1}}', '29', 'bc3ac26e69731b617eb80274453f6dba', 'admin', 'cdu.zch.tansci.controller.message.TemplateController.page', '/tansci/template/page', '127.0.0.1', '1.0.0', '2023-06-09 09:46:06');
INSERT INTO `log_info` VALUES ('f4a9f15c-bda7-442e-b220-1f1430872980', '用户-用户分页', 'SELECT', '用户分页', '{\"current\":\"1\",\"total\":\"1\",\"size\":\"10\"}', '{\"code\":200,\"fail\":false,\"message\":\"操作成功\",\"result\":{\"current\":1,\"optimizeCountSql\":true,\"orders\":[],\"pages\":1,\"records\":[{\"address\":\"甘肃兰州\",\"birthday\":\"2021-07-09\",\"createTime\":\"2021-07-08T12:07:20\",\"delFlag\":0,\"delFlagName\":\"正常\",\"email\":\"\",\"gender\":0,\"genderName\":\"男\",\"id\":\"bc3ac26e69731b617eb80274453f6dba\",\"nickname\":\"管理员\",\"orgId\":2,\"password\":\"$2a$10$tlWWfjTObqLsC6ONrhNL/.GIpAoFu205TXPK6xUPHHr1kA/paK4lq\",\"phone\":\"18893817562\",\"remember\":0,\"type\":1,\"typeName\":\"管理员\",\"updateTime\":\"2021-12-16T11:45:48\",\"username\":\"admin\"}],\"searchCount\":true,\"size\":10,\"total\":1},\"success\":true}', '6', 'bc3ac26e69731b617eb80274453f6dba', 'admin', 'com.tansci.controller.system.SysUserController.page', '/tansci/user/page', '127.0.0.1', '1.1.0', '2023-04-02 16:38:18');
INSERT INTO `log_info` VALUES ('f4c3155d-0ab3-4807-9ac4-54fb7390f64f', '组织-列表', 'SELECT', '列表', '{}', '{\"code\":200,\"message\":\"操作成功\",\"result\":[{\"createTime\":\"2021-10-23 15:08:20\",\"delFlag\":0,\"id\":2,\"name\":\"兰州子公司\",\"parentId\":1,\"sort\":2}]}', '3', 'bc3ac26e69731b617eb80274453f6dba', 'admin', 'cdu.zch.tansci.controller.system.SysOrgController.list', '/tansci/org/list', '127.0.0.1', '1.0.0', '2023-06-09 09:45:18');
INSERT INTO `log_info` VALUES ('fe4804a4-75e9-419b-a5a9-2968058a6791', '数据字典-根据分组名称获取列表', 'SELECT', '根据分组名称获取列表', '{\"groupName\":\"template_business_type\"}', '{\"code\":200,\"fail\":false,\"message\":\"操作成功\",\"result\":[{\"createTime\":\"2022-02-24T13:13:21\",\"dicLabel\":\"短信\",\"dicValue\":0,\"groupName\":\"template_business_type\",\"id\":51,\"parentId\":50,\"sort\":1,\"type\":1},{\"createTime\":\"2022-02-24T13:13:21\",\"dicLabel\":\"邮件\",\"dicValue\":1,\"groupName\":\"template_business_type\",\"id\":52,\"parentId\":50,\"sort\":2,\"type\":1}],\"success\":true}', '3', 'bc3ac26e69731b617eb80274453f6dba', 'admin', 'com.tansci.controller.system.SysDicController.getGroupNameByList', '/tansci/dic/getGroupNameByList', '127.0.0.1', '1.1.0', '2023-04-02 16:36:48');

-- ----------------------------
-- Table structure for sys_dic
-- ----------------------------
DROP TABLE IF EXISTS `sys_dic`;
CREATE TABLE `sys_dic` (
  `id` int NOT NULL AUTO_INCREMENT COMMENT '主键id',
  `parent_id` int NOT NULL COMMENT '父ID',
  `group_name` varchar(30) CHARACTER SET utf8 COLLATE utf8_general_ci NOT NULL COMMENT '分组名称',
  `type` int DEFAULT NULL COMMENT '类型：0、系统，1、业务',
  `dic_value` int NOT NULL COMMENT '值',
  `dic_label` varchar(50) CHARACTER SET utf8 COLLATE utf8_general_ci NOT NULL COMMENT '名称',
  `sort` int DEFAULT NULL COMMENT '排序',
  `text1` varchar(100) CHARACTER SET utf8 COLLATE utf8_general_ci DEFAULT NULL COMMENT '预留字段1',
  `text2` varchar(100) CHARACTER SET utf8 COLLATE utf8_general_ci DEFAULT NULL COMMENT '预留字段2',
  `text3` varchar(100) CHARACTER SET utf8 COLLATE utf8_general_ci DEFAULT NULL COMMENT '预留字段3',
  `update_time` datetime DEFAULT NULL COMMENT '更新时间',
  `create_time` datetime DEFAULT NULL COMMENT '创建时间',
  `remarks` varchar(255) CHARACTER SET utf8 COLLATE utf8_general_ci DEFAULT NULL COMMENT '备注',
  PRIMARY KEY (`id`) USING BTREE,
  KEY `group_name` (`group_name`) USING BTREE
) ENGINE=InnoDB AUTO_INCREMENT=58 DEFAULT CHARSET=utf8mb3 ROW_FORMAT=DYNAMIC COMMENT='字典表';

-- ----------------------------
-- Records of sys_dic
-- ----------------------------
INSERT INTO `sys_dic` VALUES ('1', '0', 'sys_dic', '0', '0', '数据字典', '0', null, null, null, '2021-07-06 14:40:33', '2021-07-06 11:38:58', null);
INSERT INTO `sys_dic` VALUES ('2', '1', 'sys_dic_type', '0', '-1', '系统数据字典类型', '0', null, null, null, '2021-07-06 17:08:04', '2021-07-06 12:44:36', '系统数据字典类型');
INSERT INTO `sys_dic` VALUES ('6', '1', 'del_type', '0', '-1', '删除状态', '0', null, null, null, '2021-07-06 17:03:39', '2021-07-06 16:16:17', '系统删除状态');
INSERT INTO `sys_dic` VALUES ('7', '6', 'del_type', '0', '0', '正常', '1', null, null, null, null, '2021-07-06 16:16:45', '');
INSERT INTO `sys_dic` VALUES ('8', '6', 'del_type', '0', '1', '已删除', '2', null, null, null, null, '2021-07-06 16:17:08', '');
INSERT INTO `sys_dic` VALUES ('9', '2', 'sys_dic_type', '0', '0', '系统', '1', null, null, null, null, '2021-07-06 16:18:05', '');
INSERT INTO `sys_dic` VALUES ('10', '2', 'sys_dic_type', '0', '1', '业务', '2', null, null, null, null, '2021-07-06 16:18:19', '');
INSERT INTO `sys_dic` VALUES ('12', '1', 'user_type', '0', '-1', '用户类型', '0', null, null, null, null, '2021-07-08 15:59:08', '');
INSERT INTO `sys_dic` VALUES ('13', '12', 'user_type', '0', '0', '超级管理员', '1', null, null, null, null, '2021-07-08 15:59:39', '');
INSERT INTO `sys_dic` VALUES ('14', '12', 'user_type', '0', '1', '管理员', '2', null, null, null, null, '2021-07-08 15:59:56', '');
INSERT INTO `sys_dic` VALUES ('15', '12', 'user_type', '0', '2', '普通用户', '3', null, null, null, null, '2021-07-08 16:00:29', '');
INSERT INTO `sys_dic` VALUES ('35', '1', 'menu_status', '0', '-1', '菜单状态', '0', null, null, null, null, '2021-07-20 22:39:37', '');
INSERT INTO `sys_dic` VALUES ('36', '35', 'menu_status', '0', '0', '未上架', '1', null, null, null, null, '2021-07-20 22:39:59', '');
INSERT INTO `sys_dic` VALUES ('37', '35', 'menu_status', '0', '1', '正常', '2', null, null, null, null, '2021-07-20 22:40:16', '');
INSERT INTO `sys_dic` VALUES ('38', '35', 'menu_status', '0', '2', '已下架', '3', null, null, null, null, '2021-07-20 22:40:33', '');
INSERT INTO `sys_dic` VALUES ('39', '1', 'role_status', '0', '-1', '角色状态', '0', null, null, null, '2021-07-23 17:03:27', '2021-07-23 17:01:04', '');
INSERT INTO `sys_dic` VALUES ('40', '39', 'role_status', '0', '0', '未启用', '1', null, null, null, '2021-07-23 17:03:35', '2021-07-23 17:01:52', '');
INSERT INTO `sys_dic` VALUES ('41', '39', 'role_status', '0', '1', '正常', '2', null, null, null, '2021-07-23 17:03:41', '2021-07-23 17:02:11', '');
INSERT INTO `sys_dic` VALUES ('43', '39', 'role_status', '0', '2', '已禁用', '3', null, null, null, '2021-07-23 17:03:46', '2021-07-23 17:03:00', '');
INSERT INTO `sys_dic` VALUES ('44', '1', 'template_type', '1', '-1', '模板类型', '0', null, null, null, null, '2022-02-24 13:08:12', null);
INSERT INTO `sys_dic` VALUES ('46', '44', 'template_type', '1', '0', '验证码', '1', null, null, null, null, '2022-02-24 13:10:10', null);
INSERT INTO `sys_dic` VALUES ('47', '44', 'template_type', '1', '1', '短信通知', '2', null, null, null, null, '2022-02-24 13:11:09', null);
INSERT INTO `sys_dic` VALUES ('48', '44', 'template_type', '1', '2', '推广短信', '3', null, null, null, null, '2022-02-24 13:11:09', null);
INSERT INTO `sys_dic` VALUES ('49', '44', 'template_type', '1', '3', '国际/港澳台消息', '4', null, null, null, null, '2022-02-24 13:11:09', null);
INSERT INTO `sys_dic` VALUES ('50', '1', 'template_business_type', '1', '-1', '模板业务类型', '0', null, null, null, null, '2022-02-24 13:13:21', null);
INSERT INTO `sys_dic` VALUES ('51', '50', 'template_business_type', '1', '0', '短信', '1', null, null, null, null, '2022-02-24 13:13:21', null);
INSERT INTO `sys_dic` VALUES ('52', '50', 'template_business_type', '1', '1', '邮件', '2', null, null, null, null, '2022-02-24 13:13:21', null);
INSERT INTO `sys_dic` VALUES ('54', '1', 'template_state', '1', '-1', '模板状态', '0', null, null, null, null, '2022-02-24 14:01:44', null);
INSERT INTO `sys_dic` VALUES ('55', '54', 'template_state', '1', '0', '审核中', '1', null, null, null, null, '2022-02-24 14:02:16', null);
INSERT INTO `sys_dic` VALUES ('56', '54', 'template_state', '1', '1', '通过', '2', null, null, null, null, '2022-02-24 14:02:38', null);
INSERT INTO `sys_dic` VALUES ('57', '54', 'template_state', '1', '2', '未通过', '3', null, null, null, null, '2022-02-24 14:02:54', null);

-- ----------------------------
-- Table structure for sys_menu
-- ----------------------------
DROP TABLE IF EXISTS `sys_menu`;
CREATE TABLE `sys_menu` (
  `id` int NOT NULL AUTO_INCREMENT COMMENT '主键id',
  `parent_id` int NOT NULL COMMENT '父id',
  `name` varchar(255) CHARACTER SET utf8mb4 COLLATE utf8mb4_general_ci NOT NULL COMMENT '菜单名称',
  `url` varchar(255) CHARACTER SET utf8mb4 COLLATE utf8mb4_general_ci NOT NULL COMMENT '菜单路由',
  `icon` varchar(255) CHARACTER SET utf8mb4 COLLATE utf8mb4_general_ci DEFAULT NULL COMMENT '菜单图标',
  `type` int NOT NULL COMMENT '类型：0、按钮，1、菜单，2、嵌套链接，3、跳转链接',
  `status` int DEFAULT NULL COMMENT '状态：0、未上架，1、正常，2、下架',
  `chinese_name` varchar(100) CHARACTER SET utf8mb4 COLLATE utf8mb4_general_ci DEFAULT NULL COMMENT '中文名称',
  `english_name` varchar(100) CHARACTER SET utf8mb4 COLLATE utf8mb4_general_ci DEFAULT NULL COMMENT '英文名称',
  `sort` int DEFAULT NULL COMMENT '排序',
  `update_time` datetime DEFAULT NULL COMMENT '更新时间',
  `create_time` datetime DEFAULT NULL COMMENT '创建时间',
  PRIMARY KEY (`id`) USING BTREE
) ENGINE=InnoDB AUTO_INCREMENT=19 DEFAULT CHARSET=utf8mb4 COLLATE=utf8mb4_general_ci ROW_FORMAT=DYNAMIC COMMENT='菜单';

-- ----------------------------
-- Records of sys_menu
-- ----------------------------
INSERT INTO `sys_menu` VALUES ('1', '0', 'home', '/Home', 'HomeFilled', '1', '1', '工作台', 'Home', '1', '2021-07-28 15:43:30', '2021-07-20 22:02:18');
INSERT INTO `sys_menu` VALUES ('2', '0', 'system', '/system', 'Tools', '1', '1', '系统管理', 'System', '1', '2021-12-17 17:33:08', '2021-10-23 19:50:28');
INSERT INTO `sys_menu` VALUES ('3', '2', 'user', '/system/User', 'Avatar', '1', '1', '用户列表', 'UserList', '4', '2021-12-17 17:37:24', '2021-07-20 22:09:46');
INSERT INTO `sys_menu` VALUES ('5', '2', 'dicInfo', '/system/DicInfo', 'Notebook', '1', '1', '字典管理', 'Dic', '6', '2021-12-17 17:38:14', '2021-07-22 17:09:46');
INSERT INTO `sys_menu` VALUES ('6', '2', 'menu', '/system/Menu', 'Grid', '1', '1', '菜单管理', 'Menu', '1', '2021-12-17 17:34:53', '2021-07-22 17:11:10');
INSERT INTO `sys_menu` VALUES ('7', '2', 'role', '/system/Role', 'Help', '1', '1', '角色管理', 'Role', '2', '2021-12-17 17:36:32', '2021-07-23 16:09:30');
INSERT INTO `sys_menu` VALUES ('8', '2', 'org', '/system/Org', 'SetUp', '1', '1', '组织管理', 'Org', '3', '2021-12-17 17:37:10', '2021-10-23 14:23:11');
INSERT INTO `sys_menu` VALUES ('9', '2', 'log', '/system/Log', 'Document', '1', '1', '日志管理', 'Log', '6', null, '2021-12-20 10:49:42');
INSERT INTO `sys_menu` VALUES ('10', '0', 'message', '/message', 'Comment', '1', '1', '消息管理', 'Message', '2', null, '2022-02-24 10:17:44');
INSERT INTO `sys_menu` VALUES ('11', '10', 'template', '/message/Template', 'Postcard', '1', '1', '消息模板', 'Template', '0', null, '2022-02-24 10:24:46');
INSERT INTO `sys_menu` VALUES ('12', '0', 'task', '/task', 'Clock', '1', '1', '任务管理', 'Task Manage', '0', null, '2022-02-25 11:24:07');
INSERT INTO `sys_menu` VALUES ('13', '12', 'taskConfig', '/task/TaskConfig', 'Odometer', '1', '1', '任务调度', 'TaskConfig', '1', null, '2022-02-25 11:25:00');
INSERT INTO `sys_menu` VALUES ('14', '12', 'taskLog', '/task/TaskLog', 'Document', '1', '1', '调度日志', 'TaskLog', '2', null, '2022-06-28 17:35:05');
INSERT INTO `sys_menu` VALUES ('15', '10', 'messageLog', '/message/MessageLog', 'Document', '1', '1', '消息日志', 'MessageLog', '2', null, '2022-06-28 17:37:21');
INSERT INTO `sys_menu` VALUES ('16', '0', 'api', 'http://localhost:8005/tansci/doc.html', 'Notebook', '2', '1', 'API文档', 'API Docs', '5', '2022-06-29 16:33:20', '2022-06-29 15:21:23');
INSERT INTO `sys_menu` VALUES ('17', '0', 'biying', 'https://cn.bing.com', 'Search', '3', '1', '必应链接', 'biying', '6', null, '2022-06-29 17:17:44');

-- ----------------------------
-- Table structure for sys_menu_role
-- ----------------------------
DROP TABLE IF EXISTS `sys_menu_role`;
CREATE TABLE `sys_menu_role` (
  `role_id` int NOT NULL COMMENT '角色id',
  `menu_id` int NOT NULL COMMENT '菜单id',
  PRIMARY KEY (`role_id`,`menu_id`) USING BTREE
) ENGINE=InnoDB DEFAULT CHARSET=utf8mb4 COLLATE=utf8mb4_general_ci ROW_FORMAT=DYNAMIC COMMENT='菜单角色';

-- ----------------------------
-- Records of sys_menu_role
-- ----------------------------
INSERT INTO `sys_menu_role` VALUES ('1', '1');
INSERT INTO `sys_menu_role` VALUES ('1', '2');
INSERT INTO `sys_menu_role` VALUES ('1', '3');
INSERT INTO `sys_menu_role` VALUES ('1', '5');
INSERT INTO `sys_menu_role` VALUES ('1', '6');
INSERT INTO `sys_menu_role` VALUES ('1', '7');
INSERT INTO `sys_menu_role` VALUES ('1', '8');
INSERT INTO `sys_menu_role` VALUES ('1', '9');
INSERT INTO `sys_menu_role` VALUES ('2', '1');
INSERT INTO `sys_menu_role` VALUES ('2', '3');
INSERT INTO `sys_menu_role` VALUES ('2', '6');
INSERT INTO `sys_menu_role` VALUES ('2', '7');
INSERT INTO `sys_menu_role` VALUES ('2', '8');
INSERT INTO `sys_menu_role` VALUES ('3', '1');
INSERT INTO `sys_menu_role` VALUES ('3', '2');
INSERT INTO `sys_menu_role` VALUES ('3', '3');
INSERT INTO `sys_menu_role` VALUES ('3', '5');
INSERT INTO `sys_menu_role` VALUES ('3', '6');
INSERT INTO `sys_menu_role` VALUES ('3', '7');
INSERT INTO `sys_menu_role` VALUES ('3', '8');
INSERT INTO `sys_menu_role` VALUES ('3', '9');
INSERT INTO `sys_menu_role` VALUES ('3', '10');
INSERT INTO `sys_menu_role` VALUES ('3', '11');
INSERT INTO `sys_menu_role` VALUES ('3', '12');
INSERT INTO `sys_menu_role` VALUES ('3', '13');
INSERT INTO `sys_menu_role` VALUES ('3', '14');
INSERT INTO `sys_menu_role` VALUES ('3', '15');
INSERT INTO `sys_menu_role` VALUES ('3', '16');
INSERT INTO `sys_menu_role` VALUES ('3', '17');
INSERT INTO `sys_menu_role` VALUES ('4', '1');
INSERT INTO `sys_menu_role` VALUES ('4', '3');
INSERT INTO `sys_menu_role` VALUES ('4', '4');
INSERT INTO `sys_menu_role` VALUES ('4', '5');
INSERT INTO `sys_menu_role` VALUES ('5', '1');
INSERT INTO `sys_menu_role` VALUES ('5', '3');

-- ----------------------------
-- Table structure for sys_org
-- ----------------------------
DROP TABLE IF EXISTS `sys_org`;
CREATE TABLE `sys_org` (
  `id` int NOT NULL AUTO_INCREMENT COMMENT '主键id',
  `name` varchar(255) CHARACTER SET utf8mb4 COLLATE utf8mb4_general_ci NOT NULL COMMENT '名称',
  `parent_id` int(1) unsigned zerofill DEFAULT NULL COMMENT '父id',
  `sort` int DEFAULT NULL COMMENT '排序',
  `del_flag` int(1) unsigned zerofill DEFAULT NULL COMMENT '删除状态：0、正常，1、删除',
  `update_time` datetime DEFAULT NULL COMMENT '更新时间',
  `create_time` datetime DEFAULT NULL COMMENT '创建时间',
  PRIMARY KEY (`id`) USING BTREE
) ENGINE=InnoDB AUTO_INCREMENT=4 DEFAULT CHARSET=utf8mb4 COLLATE=utf8mb4_general_ci ROW_FORMAT=DYNAMIC COMMENT='组织';

-- ----------------------------
-- Records of sys_org
-- ----------------------------
INSERT INTO `sys_org` VALUES ('1', '总公司', '0', '1', '0', null, '2021-10-23 14:31:30');
INSERT INTO `sys_org` VALUES ('2', '成都大公司', '1', '1', '0', '2023-06-09 09:45:31', '2021-10-23 15:08:20');
INSERT INTO `sys_org` VALUES ('3', '西安子公司', '1', '3', '0', '2021-10-23 15:17:03', '2021-10-23 15:15:16');

-- ----------------------------
-- Table structure for sys_org_role
-- ----------------------------
DROP TABLE IF EXISTS `sys_org_role`;
CREATE TABLE `sys_org_role` (
  `org_id` int NOT NULL COMMENT '组织id',
  `role_id` int NOT NULL COMMENT '角色id',
  PRIMARY KEY (`org_id`,`role_id`) USING BTREE
) ENGINE=InnoDB DEFAULT CHARSET=utf8mb4 COLLATE=utf8mb4_general_ci ROW_FORMAT=DYNAMIC COMMENT='组织角色';

-- ----------------------------
-- Records of sys_org_role
-- ----------------------------
INSERT INTO `sys_org_role` VALUES ('1', '1');
INSERT INTO `sys_org_role` VALUES ('2', '3');

-- ----------------------------
-- Table structure for sys_role
-- ----------------------------
DROP TABLE IF EXISTS `sys_role`;
CREATE TABLE `sys_role` (
  `id` int NOT NULL AUTO_INCREMENT COMMENT '主键id',
  `name` varchar(100) CHARACTER SET utf8mb4 COLLATE utf8mb4_general_ci NOT NULL COMMENT '名称',
  `status` int DEFAULT '0' COMMENT '状态',
  `type` int DEFAULT NULL COMMENT '类型',
  `creator` varchar(64) CHARACTER SET utf8mb4 COLLATE utf8mb4_general_ci DEFAULT NULL COMMENT '创建人',
  `update_time` datetime DEFAULT NULL COMMENT '更新时间',
  `create_time` datetime DEFAULT NULL COMMENT '创建时间',
  PRIMARY KEY (`id`) USING BTREE
) ENGINE=InnoDB AUTO_INCREMENT=7 DEFAULT CHARSET=utf8mb4 COLLATE=utf8mb4_general_ci ROW_FORMAT=DYNAMIC COMMENT='权限';

-- ----------------------------
-- Records of sys_role
-- ----------------------------
INSERT INTO `sys_role` VALUES ('1', '超级管理员', '1', '0', 'c270251fd4170fa89d166844f43fa0d8', '2021-12-15 17:17:52', '2021-07-23 16:51:14');
INSERT INTO `sys_role` VALUES ('2', '普通用户', '1', '0', 'bc3ac26e69731b617eb80274453f6dba', '2021-07-28 15:44:58', '2021-07-23 16:51:01');
INSERT INTO `sys_role` VALUES ('3', '管理员', '1', '0', 'bc3ac26e69731b617eb80274453f6dba', '2021-07-23 17:06:56', '2021-07-23 16:42:17');
INSERT INTO `sys_role` VALUES ('4', '演示用户', '0', '1', 'bc3ac26e69731b617eb80274453f6dba', null, '2021-07-23 16:51:33');
INSERT INTO `sys_role` VALUES ('5', '测试1', '1', '0', '37afd8dab98685df81e665dbc2cb78d6', null, '2022-01-04 09:57:50');
INSERT INTO `sys_role` VALUES ('6', '测试2', '1', '0', '37afd8dab98685df81e665dbc2cb78d6', null, '2022-01-04 10:21:57');

-- ----------------------------
-- Table structure for sys_user
-- ----------------------------
DROP TABLE IF EXISTS `sys_user`;
CREATE TABLE `sys_user` (
  `id` varchar(32) CHARACTER SET utf8 COLLATE utf8_general_ci NOT NULL COMMENT '主键',
  `username` varchar(100) CHARACTER SET utf8 COLLATE utf8_general_ci NOT NULL COMMENT '用户名称',
  `password` varchar(255) CHARACTER SET utf8 COLLATE utf8_general_ci NOT NULL COMMENT '密码',
  `nickname` varchar(255) CHARACTER SET utf8 COLLATE utf8_general_ci DEFAULT NULL COMMENT '用户昵称',
  `type` int DEFAULT '2' COMMENT '用户类型：0、超级管理员，1、管理员，2、普通用户',
  `gender` int DEFAULT NULL COMMENT '性别：0、男，1、女',
  `birthday` date DEFAULT NULL COMMENT '出生日期',
  `address` varchar(255) CHARACTER SET utf8 COLLATE utf8_general_ci DEFAULT NULL COMMENT '地址',
  `phone` varchar(11) CHARACTER SET utf8 COLLATE utf8_general_ci DEFAULT NULL COMMENT '手机号',
  `open_id` varchar(100) CHARACTER SET utf8 COLLATE utf8_general_ci DEFAULT NULL COMMENT '微信唯一标识',
  `email` varchar(100) CHARACTER SET utf8 COLLATE utf8_general_ci DEFAULT NULL COMMENT '邮件',
  `remember` int DEFAULT '0' COMMENT '是否记住密码：0、否，1、是',
  `del_flag` int DEFAULT '0' COMMENT '删除状态：0、正常，1、已删除',
  `update_time` datetime DEFAULT NULL COMMENT '更新时间',
  `create_time` datetime DEFAULT NULL COMMENT '创建时间',
  `remarks` varchar(255) CHARACTER SET utf8 COLLATE utf8_general_ci DEFAULT NULL COMMENT '备注',
  PRIMARY KEY (`id`) USING BTREE
) ENGINE=InnoDB DEFAULT CHARSET=utf8mb3 ROW_FORMAT=DYNAMIC COMMENT='用户表';

-- ----------------------------
-- Records of sys_user
-- ----------------------------
INSERT INTO `sys_user` VALUES ('37afd8dab98685df81e665dbc2cb78d6', 'fangzq', '$2a$10$o5yVg9Vf1.m3l5V7nNXJQucSLJfQ1aUcNQjFuWDtfe1bWYioNLnHu', '小强', '2', '0', '2021-10-23', '甘肃庆阳', '18712354789', null, '', '0', '0', '2021-12-16 11:46:22', '2021-10-23 20:56:29', null);
INSERT INTO `sys_user` VALUES ('bc3ac26e69731b617eb80274453f6dba', 'admin', '$2a$10$tlWWfjTObqLsC6ONrhNL/.GIpAoFu205TXPK6xUPHHr1kA/paK4lq', '管理员', '1', '0', '2021-07-09', '四川成都', '18012345678', null, 'admin123@qq.com', '0', '0', '2023-06-09 09:45:13', '2021-07-08 12:07:20', null);
INSERT INTO `sys_user` VALUES ('c270251fd4170fa89d166844f43fa0d8', 'tanyp', '$2a$10$WXuK1W4bWXr5bxAovO2mLuafYFp2HqphIBi19K9R61ZuZrqh5D3Ty', '小平', '0', '0', '2021-07-17', '甘肃兰州', '18893817562', 'on1PZ6T9fWjQf9SH79mgS0CFfaOA', 'tanyp@163.com', '0', '0', '2021-12-16 11:45:58', '2021-07-17 19:38:29', null);

-- ----------------------------
-- Table structure for sys_user_org
-- ----------------------------
DROP TABLE IF EXISTS `sys_user_org`;
CREATE TABLE `sys_user_org` (
  `user_id` varchar(64) CHARACTER SET utf8 COLLATE utf8_general_ci NOT NULL COMMENT '用户id',
  `org_id` int NOT NULL COMMENT '组织ID',
  PRIMARY KEY (`user_id`,`org_id`) USING BTREE
) ENGINE=InnoDB DEFAULT CHARSET=utf8mb3 ROW_FORMAT=DYNAMIC COMMENT='用户组织';

-- ----------------------------
-- Records of sys_user_org
-- ----------------------------
INSERT INTO `sys_user_org` VALUES ('37afd8dab98685df81e665dbc2cb78d6', '3');
INSERT INTO `sys_user_org` VALUES ('bc3ac26e69731b617eb80274453f6dba', '2');
INSERT INTO `sys_user_org` VALUES ('c270251fd4170fa89d166844f43fa0d8', '1');

-- ----------------------------
-- Table structure for sys_user_role
-- ----------------------------
DROP TABLE IF EXISTS `sys_user_role`;
CREATE TABLE `sys_user_role` (
  `user_id` varchar(64) CHARACTER SET utf8mb4 COLLATE utf8mb4_general_ci NOT NULL COMMENT '用户id',
  `role_id` int NOT NULL COMMENT '角色id',
  PRIMARY KEY (`user_id`,`role_id`) USING BTREE
) ENGINE=InnoDB DEFAULT CHARSET=utf8mb4 COLLATE=utf8mb4_general_ci ROW_FORMAT=DYNAMIC COMMENT='用户角色';

-- ----------------------------
-- Records of sys_user_role
-- ----------------------------
INSERT INTO `sys_user_role` VALUES ('37afd8dab98685df81e665dbc2cb78d6', '2');
INSERT INTO `sys_user_role` VALUES ('bc3ac26e69731b617eb80274453f6dba', '3');
INSERT INTO `sys_user_role` VALUES ('c270251fd4170fa89d166844f43fa0d8', '1');

-- ----------------------------
-- Table structure for task_config
-- ----------------------------
DROP TABLE IF EXISTS `task_config`;
CREATE TABLE `task_config` (
  `id` varchar(64) CHARACTER SET utf8 COLLATE utf8_general_ci NOT NULL COMMENT '主键ID',
  `code` varchar(255) CHARACTER SET utf8 COLLATE utf8_general_ci DEFAULT NULL COMMENT '任务服务名称',
  `name` varchar(255) CHARACTER SET utf8 COLLATE utf8_general_ci DEFAULT NULL COMMENT '任务名称',
  `task_id` varchar(64) CHARACTER SET utf8 COLLATE utf8_general_ci DEFAULT NULL COMMENT '任务编码',
  `expression` varchar(255) CHARACTER SET utf8 COLLATE utf8_general_ci DEFAULT NULL COMMENT '任务执行规则时间：cron表达式',
  `status` int DEFAULT NULL COMMENT '状态：0、未启动，1、正常',
  `creater` varchar(64) CHARACTER SET utf8 COLLATE utf8_general_ci DEFAULT NULL COMMENT '创建人',
  `update_time` datetime DEFAULT NULL COMMENT '更新时间',
  `create_time` datetime DEFAULT NULL COMMENT '创建时间',
  `remarks` varchar(255) CHARACTER SET utf8 COLLATE utf8_general_ci DEFAULT NULL COMMENT '描述',
  PRIMARY KEY (`id`) USING BTREE
) ENGINE=InnoDB DEFAULT CHARSET=utf8mb3 ROW_FORMAT=DYNAMIC COMMENT='任务配置';

-- ----------------------------
-- Records of task_config
-- ----------------------------
INSERT INTO `task_config` VALUES ('1', 'taskTest1Service', '自定义任务测试', 'T1000214524DFS', '*/20 * * * * ?', '0', 'admin', '2022-02-25 12:58:43', '2022-02-25 10:53:15', null);
INSERT INTO `task_config` VALUES ('2', 'taskTest2Service', '自定义任务测试', 'T1000214524DFS', '*/10 * * * * ?', '0', 'admin', '2022-02-25 10:53:12', '2022-02-25 10:53:15', null);

-- ----------------------------
-- Table structure for task_log
-- ----------------------------
DROP TABLE IF EXISTS `task_log`;
CREATE TABLE `task_log` (
  `id` varchar(64) NOT NULL COMMENT '主键id',
  `task_id` varchar(64) DEFAULT NULL COMMENT '调度id',
  `server_name` varchar(100) DEFAULT NULL COMMENT '任务服务名称',
  `status` int DEFAULT NULL COMMENT '状态：0、成功，1、失败',
  `execution_time` datetime DEFAULT NULL COMMENT '执行时间',
  `create_time` datetime DEFAULT NULL COMMENT '创建时间',
  `remarks` varchar(255) DEFAULT NULL COMMENT '描述',
  PRIMARY KEY (`id`) USING BTREE
) ENGINE=InnoDB DEFAULT CHARSET=utf8mb3 ROW_FORMAT=DYNAMIC COMMENT='调度执行日志';

-- ----------------------------
-- Records of task_log
-- ----------------------------

-- ----------------------------
-- Table structure for template
-- ----------------------------
DROP TABLE IF EXISTS `template`;
CREATE TABLE `template` (
  `id` varchar(64) CHARACTER SET utf8 COLLATE utf8_general_ci NOT NULL COMMENT '主键id',
  `code` varchar(100) CHARACTER SET utf8 COLLATE utf8_general_ci DEFAULT NULL COMMENT '模板编码',
  `name` varchar(255) CHARACTER SET utf8 COLLATE utf8_general_ci NOT NULL COMMENT '模板名称',
  `content` text CHARACTER SET utf8 COLLATE utf8_general_ci NOT NULL COMMENT '模板内容',
  `type` int NOT NULL COMMENT '模板类型：0：验证码，1：短信通知，2：推广短信，3：国际/港澳台消息',
  `state` int DEFAULT NULL COMMENT '状态：0、审核中，1、通过，2、未通过',
  `creater` varchar(100) CHARACTER SET utf8 COLLATE utf8_general_ci NOT NULL COMMENT '创建人',
  `business_type` int DEFAULT NULL COMMENT '业务类型：0：短信，1：邮件',
  `del_flag` int DEFAULT '0' COMMENT '删除转态：0：正常，1：已删除',
  `update_time` datetime DEFAULT NULL COMMENT '更新时间',
  `create_time` datetime DEFAULT NULL COMMENT '创建时间',
  `remark` varchar(255) CHARACTER SET utf8 COLLATE utf8_general_ci NOT NULL COMMENT '备注',
  PRIMARY KEY (`id`) USING BTREE
) ENGINE=InnoDB DEFAULT CHARSET=utf8mb3 ROW_FORMAT=DYNAMIC;

-- ----------------------------
-- Records of template
-- ----------------------------
INSERT INTO `template` VALUES ('fd1c585d659e416392163e08002ead95', 'YJ1645680416262', '测试邮件模板', '这是一个测试邮件的模板，参数${param1}，第二个参数${param2}。', '0', '1', 'bc3ac26e69731b617eb80274453f6dba', '1', '0', '2022-02-24 13:27:10', '2022-02-24 13:26:56', '测试邮件模板');

-- ----------------------------
-- Table structure for template_details
-- ----------------------------
DROP TABLE IF EXISTS `template_details`;
CREATE TABLE `template_details` (
  `id` varchar(64) CHARACTER SET utf8 COLLATE utf8_general_ci NOT NULL COMMENT '主键id',
  `code` varchar(100) CHARACTER SET utf8 COLLATE utf8_general_ci DEFAULT NULL COMMENT '编码',
  `content` text CHARACTER SET utf8 COLLATE utf8_general_ci NOT NULL COMMENT '内容',
  `state` int NOT NULL COMMENT '状态：0、成功，1：失败',
  `send_time` datetime NOT NULL COMMENT '发送时间',
  PRIMARY KEY (`id`) USING BTREE
) ENGINE=InnoDB DEFAULT CHARSET=utf8mb3 ROW_FORMAT=DYNAMIC;

-- ----------------------------
-- Records of template_details
-- ----------------------------
